	sample_id	specifier	synthesis_type	plug_aspect	stomatal_aspect	porosity	surface_tortuosity_factor	surface_lateral	top_tortuosity_factor	top_lateral	assimilation_rate	resistance_t	resistance_m	pipe_resistance_t	pipe_resistance_m	inlet_resistance	calculated_resistance_t	calculated_resistance_m	standard_tomas	standard_earles	stomatal_area_fraction	mesophyll_area_fraction	plug_area
0	00127	0	mixed	0,139406085576468	0,139406085576468	0,8587067597107992	1,1423302134278572	0,9461119409821807	1,1025781809376904	0,9920891931571933	0,3188928412463995	1,254339854217453	0,6538200914189761	1,254339854217453	0,6538200914189761	0,0	1,254339854217453	0,6538200914189761	0,6651456975909789	0,6293022869837476	1,00523123733722	6,860559908796952	0,0607134596423418
1	00127	1	mixed	0,139406085576468	0,02	0,8582749814810697	1,1423302134278572	0,9461119409821807	1,1025781809376904	0,9920891931571933	0,2157141631967716	1,8543056889360647	1,252254683422392	1,254339854217453	0,6538200914189761	0,6242225619084059	1,878562416125859	1,278042653327382	0,6654803169589143	0,6296188743634352	0,020229808551047387	6,86055990879693	0,060713459642341865
2	00127	2	mixed	0,139406085576468	0,03	0,8583400929137395	1,1423302134278572	0,9461119409821807	1,1025781809376904	0,9920891931571933	0,24799954420834003	1,612906190117196	1,0109943778482853	1,254339854217453	0,6538200914189761	0,381296853211487	1,6356367074289402	1,035116944630463	0,6654298353640216	0,6295711131237073	0,04611816372611543	6,860559908796924	0,06071345964234183
3	00127	3	mixed	0,139406085576468	0,04	0,8584299646717594	1,1423302134278572	0,9461119409821807	1,1025781809376904	0,9920891931571933	0,2681878168978016	1,4914920618948988	0,8893216362962229	1,254339854217453	0,6538200914189761	0,25983399886302744	1,5141738530804805	0,9136540902820036	0,6653601694022027	0,6295052013253504	0,08232090403105756	6,860559908796945	0,060713459642341795
4	00127	4	mixed	0,139406085576468	0,05	0,8585449977557971	1,1423302134278572	0,9461119409821807	1,1025781809376904	0,9920891931571933	0,28232590053467677	1,4168023523256406	0,8151520737152569	1,254339854217453	0,6538200914189761	0,18695628625395175	1,4412961404714049	0,8407763776729279	0,6652710203972206	0,6294208563872102	0,12887947780185716	6,860559908796895	0,06071345964234188
5	00128	0	mixed	0,1938438308279615	0,1938438308279615	0,7696167057763388	1,1530859906434343	0,901959339672883	1,1218159086357236	0,9865920872843608	0,271399672550641	1,473841129727709	0,7703721839454807	1,473841129727709	0,7703721839454807	0,0	1,473841129727709	0,7703721839454807	0,7491300422593328	0,6756848382453466	1,00546552923395	10,707337775632952	0,11738065731164511
6	00128	1	mixed	0,1938438308279615	0,02	0,7691733411334866	1,1530859906434343	0,901959339672883	1,1218159086357236	0,9865920872843608	0,14857375027959208	2,6922656205920097	1,9884336062211723	1,473841129727709	0,7703721839454807	1,2636957800062545	2,7375369097339632	2,034067963951735	0,7495618536025948	0,6760743145193785	0,010463578013329687	10,707337775631945	0,11738065731164518
7	00128	2	mixed	0,1938438308279615	0,03	0,7692269247599505	1,1530859906434343	0,901959339672883	1,1218159086357236	0,9865920872843608	0,17957948200055868	2,2274259594913115	1,5235379191564935	1,473841129727709	0,7703721839454807	0,7940028956305129	2,267844025358222	1,5643750795759934	0,7495096398265526	0,6760272198164177	0,023853958022491347	10,70733777563197	0,11738065731164517
8	00128	3	mixed	0,1938438308279615	0,04	0,7691476394439082	1,1530859906434343	0,901959339672883	1,1218159086357236	0,9865920872843608	0,20073690386445778	1,9926580130482383	1,2886235518998648	1,473841129727709	0,7703721839454807	0,5591564534426418	2,0329975831703506	1,3295286373881225	0,7495869008173207	0,6760969060886334	0,04257930564608331	10,707337775633126	0,1173806573116449
9	00128	4	mixed	0,1938438308279615	0,05	0,7691302202059377	1,1530859906434343	0,901959339672883	1,1218159086357236	0,9865920872843608	0,21607391626689149	1,8512183557862325	1,1471184651222168	1,473841129727709	0,7703721839454807	0,41824858812991916	1,8920897178576281	1,1886207720753998	0,7496038774387846	0,6761122183109188	0,06666105944077784	10,7073377756332	0,11738065731164503
10	00076	0	mixed	0,38727521713639135	0,38727521713639135	0,7680446267540435	1,2119892510111123	0,8072117315241065	1,1986633199002628	0,9504950522449078	0,2702700449188232	1,480001234029678	0,7546107880288585	1,480001234029678	0,7546107880288585	0,0	1,480001234029678	0,7546107880288585	0,7890096543825157	0,6368978493033474	1,005651924873519	10,73635680191771	0,46859460557910493
11	00076	1	mixed	0,38727521713639135	0,02	0,7673931901855136	1,2119892510111123	0,8072117315241065	1,1986633199002628	0,9504950522449078	0,05783029704988059	6,916789648426168	6,185394400916092	1,480001234029678	0,7546107880288585	5,3338721049491715	6,8138733389788495	6,08848289297803	0,789679441068613	0,6374385089739838	0,0026210751263737657	10,736356801917912	0,46859460557910537
12	00076	2	mixed	0,38727521713639135	0,03	0,7673931901854762	1,2119892510111123	0,8072117315241065	1,1986633199002628	0,9504950522449078	0,07918598237339466	5,05139909881804	4,320082898863141	1,480001234029678	0,7546107880288585	3,459095932348683	4,939097166378361	4,213706720377542	0,7896794410686514	0,6374385089740148	0,005975299840902125	10,736356801917712	0,46859460557910504
13	00076	3	mixed	0,38727521713639135	0,04	0,767393190185734	1,2119892510111123	0,8072117315241065	1,1986633199002628	0,9504950522449078	0,09780473603828733	4,08978149936904	3,358963708446659	1,480001234029678	0,7546107880288585	2,521707846048439	4,0017090800781165	3,2763186340772976	0,7896794410683861	0,6374385089738006	0,010665907855328413	10,73635680191765	0,4685946055791053
14	00076	4	mixed	0,38727521713639135	0,05	0,7673931901856281	1,2119892510111123	0,8072117315241065	1,1986633199002628	0,9504950522449078	0,11393908140965399	3,510647927395367	2,7794799651675537	1,480001234029678	0,7546107880288585	1,9592749942682925	3,4392762282979703	2,713885782297151	0,7896794410684951	0,6374385089738885	0,01669826942326645	10,736356801917346	0,46859460557910515
15	00101	0	mixed	0,23734910295164277	0,23734910295164277	0,7761666521193613	1,1765922354119858	0,8969386324663453	1,1418674433022762	0,9795867267205877	0,2742847489759399	1,458338465749594	0,740111191773505	1,458338465749594	0,740111191773505	0,0	1,458338465749594	0,740111191773505	0,7579507778382663	0,6798353341510571	1,0055474811333496	10,397318737295826	0,17601567068068605
16	00101	1	mixed	0,23734910295164277	0,02	0,7756268594252831	1,1765922354119858	0,8969386324663453	1,1418674433022762	0,9795867267205877	0,11896184959697698	3,362422502297576	2,6417998241887415	1,458338465749594	0,740111191773505	1,9345355479843747	3,3928740137339686	2,67464673975788	0,7584782689731802	0,6803084613282451	0,006977910888766619	10,397318737296226	0,17601567068068596
17	00101	2	mixed	0,23734910295164277	0,03	0,7756268594253015	1,1765922354119858	0,8969386324663453	1,1418674433022762	0,9795867267205877	0,15002493371532588	2,666223474285647	1,9457350323167089	1,458338465749594	0,740111191773505	1,2303530895850059	2,6886915553346	1,970464281358511	0,7584782689731622	0,6803084613282289	0,015907636299292607	10,39731873729593	0,1760156706806865
18	00101	3	mixed	0,23734910295164277	0,04	0,775627278984464	1,1765922354119858	0,8969386324663453	1,1418674433022762	0,9795867267205877	0,17286174668426924	2,313987956691022	1,5934929296777387	1,458338465749594	0,740111191773505	0,8782618603853213	2,3366003261349153	1,6183730521588262	0,7584778586903937	0,6803080933297636	0,028395124509553765	10,397318737296038	0,17601567068068644
19	00101	4	mixed	0,23734910295164277	0,05	0,7755886088186199	1,1765922354119858	0,8969386324663453	1,1418674433022762	0,9795867267205877	0,19044087684090646	2,1003894050236873	1,3793864078557112	1,458338465749594	0,740111191773505	0,6670071228655107	2,1253455886151045	1,4071183146390158	0,7585156757292867	0,6803420128929122	0,04445467238223444	10,397318737296022	0,17601567068068588
20	00096	0	mixed	0,33252068317541394	0,33252068317541394	0,79653788966719	1,1833687509222695	0,8029988186219077	1,1702096519540004	0,9613010317992284	0,2849126714927669	1,4039389610342494	0,7034291562147806	1,4039389610342494	0,7034291562147806	0,0	1,4039389610342494	0,7034291562147806	0,7428201258679016	0,5964836835205017	1,0056295642594395	12,601219520544129	0,34545795720533873
21	00096	1	mixed	0,33252068317541394	0,02	0,7960061938306081	1,1833687509222695	0,8029988186219077	1,1702096519540004	0,9613010317992284	0,07523264717247823	5,316840693947632	4,612151064317964	1,4039389610342494	0,7034291562147806	3,89698466534759	5,30092362638184	4,600413821562371	0,7433162958365704	0,5968821074191785	0,0035553433910519784	12,601219520544	0,3454579572053385
22	00096	2	mixed	0,33252068317541394	0,03	0,7960061938307369	1,1833687509222695	0,8029988186219077	1,1702096519540004	0,9613010317992284	0,10128954041730602	3,9490750807225607	3,2445258742802525	1,4039389610342494	0,7034291562147806	2,51485960610454	3,918798567138789	3,2182887623193204	0,7433162958364502	0,596882107419082	0,008105163635006766	12,601219520544538	0,3454579572053373
23	00096	3	mixed	0,33252068317541394	0,04	0,7960061938306352	1,1833687509222695	0,8029988186219077	1,1702096519540004	0,9613010317992284	0,12317956469352184	3,2472918782847415	2,542704900525046	1,4039389610342494	0,7034291562147806	1,823797076483015	3,227736037517264	2,5272262326977954	0,7433162958365451	0,5968821074191581	0,014467713886352701	12,601219520543331	0,34545795720533856
24	00096	4	mixed	0,33252068317541394	0,05	0,7960061938305336	1,1833687509222695	0,8029988186219077	1,1702096519540004	0,9613010317992284	0,14173799571750637	2,8221084824521725	2,1176948560464153	1,4039389610342494	0,7034291562147806	1,4091595587100998	2,813098519744349	2,1125887149248803	0,74331629583664	0,5968821074192344	0,022650278596993343	12,601219520544797	0,34545795720533934
25	00038	0	mixed	0,23949021869140008	0,23949021869140008	0,8530346112653081	1,178167232536719	0,8915459407536205	1,1404216283408781	0,9793730698478413	0,31520218945925615	1,269026718013541	0,6352865026196038	1,269026718013541	0,6352865026196038	0,0	1,269026718013541	0,6352865026196038	0,6905741085869546	0,6156785433002493	1,0055507896404574	8,802650144649522	0,1791913689115164
26	00038	1	mixed	0,23949021869140008	0,02	0,8525138886971002	1,178167232536719	0,8915459407536205	1,1404216283408781	0,9793730698478413	0,12380936362343939	3,2307734107796806	2,5925683659138796	1,269026718013541	0,6352865026196038	1,9712160178134988	3,2402427358270396	2,6065025204331027	0,6909959169916374	0,61605460487122	0,006854245673198707	8,802650144650332	0,17919136891151702
27	00038	2	mixed	0,23949021869140008	0,03	0,8525138886969337	1,178167232536719	0,8915459407536205	1,1404216283408781	0,9793730698478413	0,15894974322062172	2,5165186926074083	1,8782459240363134	1,269026718013541	0,6352865026196038	1,254271457202816	2,523298175216357	1,8895579598224197	0,6909959169917724	0,6160546048713403	0,015625715061907047	8,802650144649462	0,17919136891151652
28	00038	3	mixed	0,23949021869140008	0,04	0,8524557044316812	1,178167232536719	0,8915459407536205	1,1404216283408781	0,9793730698478413	0,18537834124153438	2,1577493752557135	1,5196584257096721	1,269026718013541	0,6352865026196038	0,8957991768974743	2,1648258949110155	1,5310856795170782	0,6910430808379566	0,6160966536069562	0,027891895212200025	8,802650144650295	0,17919136891151666
29	00038	4	mixed	0,23949021869140008	0,05	0,8525272862775969	1,178167232536719	0,8915459407536205	1,1404216283408781	0,9793730698478413	0,2064289997365815	1,9377122425169417	1,2998133009875459	1,269026718013541	0,6352865026196038	0,6807158087142695	1,9497425267278106	1,3160023113338735	0,6909850578982456	0,6160449234905863	0,043666829612272744	8,80265014465054	0,179191368911517
30	00003	0	mixed	0,23433614605202668	0,23433614605202668	0,9682005275017608	1,1447180739570995	0,8968109162650769	1,130159333116259	0,9788858698204317	0,37982518783087976	1,0531160460535882	0,5489284589152796	1,0531160460535882	0,5489284589152796	0,0	1,0531160460535882	0,5489284589152796	0,5911575347468594	0,530156530393335	1,0055440713556585	2,4583409106312772	0,17156220245583437
31	00003	1	mixed	0,23433614605202668	0,02	0,9676943460775214	1,1447180739570995	0,8968109162650769	1,130159333116259	0,9788858698204317	0,1386208939369938	2,8855678869158243	2,3788433098219697	1,0531160460535882	0,5489284589152796	1,8835014909553591	2,9366175370089476	2,432429949870639	0,5914667573480877	0,5304338445976724	0,0071590458006186046	2,458340910631287	0,17156220245583398
32	00003	2	mixed	0,23433614605202668	0,03	0,9676943460775776	1,1447180739570995	0,8968109162650769	1,130159333116259	0,9788858698204317	0,181556339979202	2,2031728555774186	1,6964689129863026	1,0531160460535882	0,5489284589152796	1,1970836241238996	2,250199670177488	1,7460120830391792	0,5914667573480533	0,5304338445976415	0,01632057196797319	2,4583409106312786	0,17156220245583395
33	00003	3	mixed	0,23433614605202668	0,04	0,9675730863171477	1,1447180739570995	0,8968109162650769	1,130159333116259	0,9788858698204317	0,21517342009254545	1,8589656651278603	1,3524774609849233	1,0531160460535882	0,5489284589152796	0,8538746907081696	1,9069907367617578	1,4028031496234492	0,5915408821023613	0,5305003204864704	0,029132214515008647	2,45834091063128	0,1715622024558342
34	00003	4	mixed	0,23433614605202668	0,05	0,9675633263954343	1,1447180739570995	0,8968109162650769	1,130159333116259	0,9788858698204317	0,24207147296688505	1,6524045361379776	1,1458999071959022	1,0531160460535882	0,5489284589152796	0,6479493306587316	1,7010653767123198	1,1968777895740113	0,591546849042759	0,5305056717037558	0,04560864142708522	2,4583409106312843	0,17156220245583403
35	00036	0	mixed	0,14465274030948716	0,14465274030948716	0,7919937339624076	1,1346888960697865	0,9304040561706217	1,092142387439986	0,9920891931571933	0,2843845480794617	1,406546180871537	0,7343315214185389	1,406546180871537	0,7343315214185389	0,0	1,406546180871537	0,7343315214185389	0,7163496675616661	0,6664946363358505	1,005270038033985	13,220522533113874	0,06538289593270262
36	00036	1	mixed	0,14465274030948716	0,02	0,7916430275286466	1,1346888960697865	0,9304040561706217	1,092142387439986	0,9920891931571933	0,1951165466335126	2,050056783504057	1,3771681111269996	1,406546180871537	0,7343315214185389	0,6761760177320321	2,082722198603569	1,4105075391505708	0,7166670182216229	0,6667899006771028	0,01878506064186122	13,220522533113531	0,06538289593270255
37	00036	2	mixed	0,14465274030948716	0,03	0,7916400685740318	1,1346888960697865	0,9304040561706217	1,092142387439986	0,9920891931571933	0,2233277200473028	1,791089793578535	1,11827745273387	1,406546180871537	0,7343315214185389	0,4146208267439829	1,8211670076155198	1,1489523481625217	0,7166696969455342	0,6667923929726952	0,04282455269412355	13,220522533113659	0,06538289593270268
38	00036	3	mixed	0,14465274030948716	0,04	0,7917510316469232	1,1346888960697865	0,9304040561706217	1,092142387439986	0,9920891931571933	0,24100476253205513	1,659718238750129	0,987236008883371	1,406546180871537	0,7343315214185389	0,28384323124995836	1,6903894121214953	1,0181747526684972	0,7165692564425951	0,6666989427213568	0,07644180964016972	13,220522533113606	0,0653828959327027
39	00036	4	mixed	0,14465274030948716	0,05	0,7917366689610527	1,1346888960697865	0,9304040561706217	1,092142387439986	0,9920891931571933	0,25284775123844905	1,5819796618354887	0,9092057312277816	1,406546180871537	0,7343315214185389	0,20537667395354361	1,6119228548250806	0,9397081953720825	0,7165822555362814	0,6667110371308491	0,11967531970904119	13,220522533113689	0,06538289593270268
40	00088	0	mixed	0,2878437096500989	0,2878437096500989	0,8967388500025513	1,1684849083038658	0,8615875944816496	1,1502200321966642	0,9709321991799565	0,3391116698369037	1,1795524471131142	0,5887575051540804	1,1795524471131142	0,5887575051540804	0,0	1,1795524471131142	0,5887575051540804	0,6515190617092933	0,5613407411370513	1,005601583604307	8,433191514485639	0,25885565737397626
41	00088	1	mixed	0,2878437096500989	0,02	0,8961938650162051	1,1684849083038658	0,8615875944816496	1,1502200321966642	0,9709321991799565	0,09896902455539418	4,041668610931931	3,447660960431543	1,1795524471131142	0,5887575051540804	2,8911422622048173	4,070694709317932	3,479899767358898	0,6519152573549123	0,5616820983903044	0,004744812910393024	8,433191514484339	0,2588556573739764
42	00088	2	mixed	0,2878437096500989	0,03	0,8961938650163536	1,1684849083038658	0,8615875944816496	1,1502200321966642	0,9709321991799565	0,13280161144832744	3,0120116438173117	2,418027794122227	1,1795524471131142	0,5887575051540804	1,8554672473906872	3,0350196945038013	2,4442247525447676	0,6519152573548043	0,5616820983902113	0,01081681312500424	8,433191514485477	0,25885565737397603
43	00088	3	mixed	0,2878437096500989	0,04	0,8961938650162542	1,1684849083038658	0,8615875944816496	1,1502200321966642	0,9709321991799565	0,16055001203454725	2,4914355030619557	1,897490394363994	1,1795524471131142	0,5887575051540804	1,3376297399836217	2,517182187096736	1,9263872451377022	0,6519152573548765	0,5616820983902736	0,01930800715469768	8,433191514484603	0,25885565737397653
44	00088	4	mixed	0,2878437096500989	0,05	0,8961938650162954	1,1684849083038658	0,8615875944816496	1,1502200321966642	0,9709321991799565	0,18389445309643077	2,175160768934354	1,5813043970993503	1,1795524471131142	0,5887575051540804	1,0269272355393824	2,2064796826524966	1,615684740693463	0,6519152573548466	0,5616820983902477	0,030228116524973366	8,43319151448543	0,25885565737397603
45	00077	0	mixed	0,10560480178937996	0,10560480178937996	0,681294396928131	1,1750220609736024	0,9483755685082034	1,0838382530769954	0,9963168491856763	0,21311401145774975	1,8769296174562315	0,9428064342386578	1,8769296174562315	0,9428064342386578	0,0	1,8769296174562315	0,9428064342386578	0,8623453137671659	0,817827227194321	1,0048793643851295	11,219959721642873	0,034837474632442966
46	00077	1	mixed	0,10560480178937996	0,02	0,6810815568074609	1,1750220609736024	0,9483755685082034	1,0838382530769954	0,9963168491856763	0,18174981084746933	2,200827599956157	1,2663109930248264	1,8769296174562315	0,9428064342386578	0,33901042969449857	2,2159400471507302	1,2818168639331564	0,8626147993798756	0,8180828007654793	0,03525576058525538	11,219959721642846	0,03483747463244296
47	00077	2	mixed	0,10560480178937996	0,03	0,6811350992659524	1,1750220609736024	0,9483755685082034	1,0838382530769954	0,9963168491856763	0,1939521365109076	2,062364494641229	1,1275987387704767	1,8769296174562315	0,9428064342386578	0,19960575268232078	2,0765353701385525	1,1424121869209787	0,8625469912209072	0,8180184931641682	0,08037302650970252	11,2199597216429	0,0348374746324429
48	00077	3	mixed	0,10560480178937996	0,04	0,6812231430994695	1,1750220609736024	0,9483755685082034	1,0838382530769954	0,9963168491856763	0,20082295908094605	1,991804133504522	1,0568016197807817	1,8769296174562315	0,9428064342386578	0,1299034141762318	2,006833031632463	1,0727098484148896	0,8624355124133167	0,817912769386643	0,14346582056657614	11,21995972164283	0,034837474632442966
49	00077	4	mixed	0,10560480178937996	0,05	0,6812215687123853	1,1750220609736024	0,9483755685082034	1,0838382530769954	0,9963168491856763	0,2052904506662933	1,948458872304276	1,0139033000358824	1,8769296174562315	0,9428064342386578	0,08808201107257847	1,96501162852881	1,0308884453112364	0,8624375056081803	0,8179146596839549	0,22460637737967026	11,219959721642924	0,03483747463244284
50	00090	0	mixed	0,38770324841567805	0,38770324841567805	0,9312505178694414	1,1733967807545618	0,8048286861309485	1,1786093311775605	0,9507063844193554	0,3584807660033674	1,115819976788847	0,571929204455925	1,115819976788847	0,571929204455925	0,0	1,115819976788847	0,571929204455925	0,6300113440146664	0,5070512022509169	1,005651924873502	5,323637195251669	0,46963099510430845
51	00090	1	mixed	0,38770324841567805	0,02	0,9305893836185687	1,1733967807545618	0,8048286861309485	1,1786093311775605	0,9507063844193554	0,06233377803866955	6,417066518126069	5,868913662783313	1,115819976788847	0,571929204455925	5,345990394890828	6,461810371679675	5,917919599346753	0,6304589335587754	0,5074114351556281	0,0026152908939997012	5,323637195251768	0,4696309951043079
52	00090	2	mixed	0,38770324841567805	0,03	0,9305893836185457	1,1733967807545618	0,8048286861309485	1,1786093311775605	0,9507063844193554	0,08804453698410326	4,543155245081863	3,9950337678022607	1,115819976788847	0,571929204455925	3,467067784489966	4,582887761278813	4,038996988945891	0,6304589335587909	0,5074114351556406	0,0059621134493955735	5,323637195251778	0,4696309951043079
53	00090	3	mixed	0,38770324841567805	0,04	0,9305893836187304	1,1733967807545618	0,8048286861309485	1,1786093311775605	0,9507063844193554	0,11098226443942429	3,6041794787715533	3,0560814526033946	1,115819976788847	0,571929204455925	2,5276064792895347	3,643426456078382	3,0995356837454597	0,6304589335586658	0,5074114351555399	0,010642370151698778	5,323637195251978	0,4696309951043097
54	00090	4	mixed	0,38770324841567805	0,05	0,9305893836184889	1,1733967807545618	0,8048286861309485	1,1786093311775605	0,9507063844193554	0,13180135744929178	3,034870108632173	2,4867907981737565	1,115819976788847	0,571929204455925	1,963929696169276	3,079749672958123	2,5358589006252013	0,6304589335588294	0,5074114351556717	0,016661419403357778	5,323637195251655	0,4696309951043082
55	00081	0	mixed	0,2875262567865151	0,2875262567865151	0,7717534839375457	1,1963095967390605	0,8352738320601395	1,1691574327282668	0,9709057809071023	0,27228538932235224	1,4690468739285238	0,737418204000301	1,4690468739285238	0,737418204000301	0,0	1,4690468739285238	0,737418204000301	0,7750594079831015	0,6473868417803083	1,0056006440193763	7,59226865469342	0,2582798924355514
56	00081	1	mixed	0,2875262567865151	0,02	0,7710713126892991	1,1963095967390605	0,8352738320601395	1,1691574327282668	0,9709057809071023	0,09234180280620331	4,331732626438972	3,5957998105251434	1,4690468739285238	0,737418204000301	2,884530870222552	4,353577744151076	3,621949074222853	0,7757451075223115	0,6479595886620662	0,004755390183317494	7,592268654693383	0,2582798924355509
57	00081	2	mixed	0,2875262567865151	0,03	0,7710713126893063	1,1963095967390605	0,8352738320601395	1,1691574327282668	0,9709057809071023	0,12090368543749334	3,308418585855307	2,572585051810965	1,4690468739285238	0,737418204000301	1,8511390159517394	3,320185889880263	2,5885572199520404	0,7757451075223043	0,64795958866206	0,010840926274828416	7,592268654693345	0,25827989243555055
58	00081	3	mixed	0,2875262567865151	0,04	0,7710713126893167	1,1963095967390605	0,8352738320601395	1,1691574327282668	0,9709057809071023	0,1433389479909132	2,7905883614080964	2,0544223002669617	1,4690468739285238	0,737418204000301	1,334443088816333	2,803489962744857	2,0718612928166342	0,7757451075222938	0,6479595886620513	0,019351049117607374	7,592268654693324	0,25827989243555116
59	00081	4	mixed	0,2875262567865151	0,05	0,7710713126893582	1,1963095967390605	0,8352738320601395	1,1691574327282668	0,9709057809071023	0,1616335033469361	2,474734456144151	1,7390004788630364	1,4690468739285238	0,737418204000301	1,024425532535089	2,4934724064636127	1,76184373653539	0,775745107522252	0,6479595886620164	0,030295501908657707	7,592268654693434	0,2582798924355508
60	00027	0	mixed	0,3874735163026204	0,3874735163026204	0,8130283717785249	1,196645440375099	0,8308713599508943	1,1875298278111939	0,9497755126827001	0,29343047525526683	1,3631849236284967	0,691392731161751	1,3631849236284967	0,691392731161751	0,0	1,3631849236284967	0,691392731161751	0,7359186234530781	0,6114537074816492	1,0056519248735873	5,9942930064296505	0,46907460380919547
61	00027	1	mixed	0,3874735163026204	0,02	0,8124231516849083	1,196645440375099	0,8308713599508943	1,1875298278111939	0,9497755126827001	0,059952783048309005	6,6719171264827475	5,996441545383811	1,3631849236284967	0,691392731161751	5,3394845816199235	6,70266950524842	6,030877312781675	0,736466850983592	0,6119092140354897	0,0026183930126729275	5,994293006429168	0,46907460380919463
62	00027	2	mixed	0,3874735163026204	0,03	0,8124231516848712	1,196645440375099	0,8308713599508943	1,1875298278111939	0,9497755126827001	0,08323013987170319	4,805951313026337	4,130758257749773	1,3631849236284967	0,691392731161751	3,46278800867096	4,825972932299457	4,154180739832711	0,7364668509836256	0,6119092140355176	0,005969185390610854	5,994293006429306	0,4690746038091947
63	00027	3	mixed	0,3874735163026204	0,04	0,8124231516848762	1,196645440375099	0,8308713599508943	1,1875298278111939	0,9497755126827001	0,10335489714297669	3,8701601090736593	3,194803225765672	1,3631849236284967	0,691392731161751	2,524439722196479	3,887624645824976	3,2158324533582303	0,7364668509836211	0,6119092140355139	0,010654993563974152	5,994293006429214	0,46907460380919414
64	00027	4	mixed	0,3874735163026204	0,05	0,8124231516849926	1,196645440375099	0,8308713599508943	1,1875298278111939	0,9497755126827001	0,12134255416097699	3,2964527800302736	2,621058268912683	1,3631849236284967	0,691392731161751	1,9614307503117903	3,3246156739402872	2,652823481473541	0,7364668509835156	0,6119092140354262	0,016681182291062562	5,994293006429121	0,4690746038091954
65	00058	0	mixed	0,19511897058660613	0,19511897058660613	0,8925383686472027	1,1456552224541372	0,8861539257106634	1,1126917887097942	0,9864616044589931	0,3371929709382241	1,186264348532457	0,5901917331725789	1,186264348532457	0,5901917331725789	0,0	1,186264348532457	0,5901917331725789	0,6417960631712546	0,5687301008848562	1,0054685568718764	9,832248119185504	0,11893572263832528
66	00058	1	mixed	0,19511897058660613	0,02	0,8920558640474137	1,1456552224541372	0,8861539257106634	1,1126917887097942	0,9864616044589931	0,1649852562096012	2,4244590649463498	1,8271307208899188	1,186264348532457	0,5901917331725789	1,281338747664178	2,467603096196635	1,871530480836757	0,6421432046060987	0,5690377216301202	0,010326768424077655	9,832248119185731	0,11893572263832557
67	00058	2	mixed	0,19511897058660613	0,03	0,8920498048951132	1,1456552224541372	0,8861539257106634	1,1126917887097942	0,9864616044589931	0,20484895685861013	1,952658222595165	1,3555522159108582	1,186264348532457	0,5901917331725789	0,8054460891294671	1,9917104376619243	1,395637822302046	0,6421475662947108	0,5690415867576065	0,02354207138152253	9,832248119185772	0,11893572263832566
68	00058	3	mixed	0,19511897058660613	0,04	0,8920853813983455	1,1456552224541372	0,8861539257106634	1,1126917887097942	0,9864616044589931	0,23328577806712475	1,7146351711376489	1,117538584792467	1,186264348532457	0,5901917331725789	0,5674997598621117	1,7537641083945688	1,1576914930346907	0,642121957350271	0,5690188932909578	0,042022588115172226	9,832248119185186	0,11893572263832523
69	00058	4	mixed	0,19511897058660613	0,05	0,8920548676029438	1,1456552224541372	0,8861539257106634	1,1126917887097942	0,9864616044589931	0,25459078263894414	1,5711487896532514	0,9738946964102918	1,186264348532457	0,5901917331725789	0,4247319623016984	1,6109963108341554	1,0149236954742773	0,6421439218938669	0,5690383572574919	0,06578947687603943	9,832248119184984	0,11893572263832548
70	00002	0	mixed	0,1962377424872038	0,1962377424872038	0,9504147934974283	1,1367332128582919	0,9482445499562798	1,107307133542115	0,986364422864112	0,3695400523155109	1,0824266476489568	0,5775870790047131	1,0824266476489568	0,5775870790047131	0,0	1,0824266476489568	0,5775870790047131	0,5980195282289489	0,5670687584105264	1,00547152963405	3,8503919165578355	0,12030950039567444
71	00002	1	mixed	0,1962377424872038	0,02	0,9499019530672265	1,1367332128582919	0,9482445499562798	1,107307133542115	0,986364422864112	0,1712104522759765	2,3363059596108884	1,8297853282573864	1,0824266476489568	0,5775870790047131	1,2969186272523763	2,379345274901333	1,8745057062570893	0,5983423916477846	0,5673749118878176	0,010208850182212832	3,8503919165578298	0,12030950039567452
72	00002	2	mixed	0,1962377424872038	0,03	0,9499180030513574	1,1367332128582919	0,9482445499562798	1,107307133542115	0,986364422864112	0,21547146011166962	1,8563943447199156	1,3500239227206943	1,0824266476489568	0,5775870790047131	0,8155529825464499	1,8979796301954068	1,393140061551163	0,5983322819479369	0,5673653254200354	0,02327325159655546	3,8503919165577436	0,1203095003956744
73	00002	3	mixed	0,1962377424872038	0,04	0,9498473977028085	1,1367332128582919	0,9482445499562798	1,107307133542115	0,986364422864112	0,24748276303309275	1,6162741804627236	1,1097403587469925	1,0824266476489568	0,5775870790047131	0,5748701601934867	1,6572968078424435	1,1524572391981998	0,5983767579968445	0,5674074995910156	0,04154274490520946	3,850391916557697	0,12030950039567417
74	00002	4	mixed	0,1962377424872038	0,05	0,9498849421169809	1,1367332128582919	0,9482445499562798	1,107307133542115	0,986364422864112	0,27200202365111237	1,4705772943547322	0,9642268801037468	1,0824266476489568	0,5775870790047131	0,43046046678170874	1,5128871144306655	1,0080475457864218	0,5983531070220398	0,5673850726830558	0,06503824675952588	3,8503919165576583	0,12030950039567424
75	00011	0	mixed	0,29700306505289287	0,29700306505289287	0,9234292491322366	1,179008997710738	0,8752960415057471	1,154528335036087	0,9706243559067834	0,35292178332125623	1,1333956103144194	0,5662441168088439	1,1333956103144194	0,5662441168088439	0,0	1,1333956103144194	0,5662441168088439	0,6383862103234625	0,5587769228479821	1,0056078469282235	3,8842592141433965	0,275600330935656
76	00011	1	mixed	0,29700306505289287	0,02	0,9229204723282388	1,179008997710738	0,8752960415057471	1,154528335036087	0,9706243559067834	0,09562196609366604	4,183139254928622	3,610696208729254	1,1333956103144194	0,5662441168088439	3,0851534756158148	4,218549085930234	3,651397592424659	0,6387381324072637	0,5590849588548518	0,00445653189481495	3,8842592141433427	0,27560033093565856
77	00011	2	mixed	0,29700306505289287	0,03	0,9229204723283434	1,179008997710738	0,8752960415057471	1,154528335036087	0,9706243559067834	0,1294424215443175	3,0901770472756898	2,5178344627591533	1,1333956103144194	0,5662441168088439	1,9825182174806533	3,1159138277950724	2,5487623342894974	0,6387381324071915	0,5590849588547884	0,010159615058002636	3,884259214143433	0,2756003309356578
78	00011	3	mixed	0,29700306505289287	0,04	0,9229204723281739	1,179008997710738	0,8752960415057471	1,154528335036087	0,9706243559067834	0,15784560109763845	2,5341219344635757	1,9619184081970846	1,1333956103144194	0,5662441168088439	1,4312005884130725	2,564596198727492	1,9974447052219164	0,6387381324073087	0,5590849588548911	0,01813490886474133	3,8842592141433827	0,27560033093565806
79	00011	4	mixed	0,29700306505289287	0,05	0,9229204723283294	1,179008997710738	0,8752960415057471	1,154528335036087	0,9706243559067834	0,18196802052270467	2,1981884446005377	1,6261446906349004	1,1333956103144194	0,5662441168088439	1,1004100109725239	2,233805621286943	1,6666541277813678	0,6387381324072011	0,5590849588547968	0,028391544188950575	3,884259214143362	0,27560033093565817
80	00001	0	mixed	0,15228409047303074	0,15228409047303074	0,9054720612690046	1,1205616108326284	0,9733227462055852	1,0893970590395579	0,9920891931571933	0,3435009480573471	1,164480046597426	0,5908725032596154	1,164480046597426	0,5908725032596154	0,0	1,164480046597426	0,5908725032596154	0,618772052040004	0,6022649129668419	1,0053107315265635	6,574599795951545	0,07244197874978066
81	00001	1	mixed	0,15228409047303074	0,02	0,9050466520748607	1,1205616108326284	0,9733227462055852	1,0893970590395579	0,9920891931571933	0,21273359817044718	1,8802859700590833	1,3060292060790195	1,164480046597426	0,5908725032596154	0,7554285900651598	1,919908636662586	1,3463010933247752	0,6190629003840243	0,6025480022757732	0,016954557098428833	6,574599795951603	0,0724419787497803
82	00001	2	mixed	0,15228409047303074	0,03	0,9050273299108876	1,1205616108326284	0,9733227462055852	1,0893970590395579	0,9920891931571933	0,250926284123441	1,5940936653861584	1,0197863925132755	1,164480046597426	0,5908725032596154	0,46554803742518225	1,6300280840226082	1,0564205406847975	0,6190761172609909	0,6025608665627585	0,038651529409981795	6,574599795951512	0,07244197874978048
83	00001	3	mixed	0,15228409047303074	0,04	0,9051025056537013	1,1205616108326284	0,9733227462055852	1,0893970590395579	0,9920891931571933	0,2758120330177183	1,450263049162516	0,8760493116986706	1,164480046597426	0,5908725032596154	0,3206077611051934	1,4850878077026195	0,9114802643648088	0,6190246982154325	0,6025108192361283	0,06899296472662748	6,574599795951518	0,0724419787497806
84	00001	4	mixed	0,15228409047303074	0,05	0,9051717653299177	1,1205616108326284	0,9733227462055852	1,0893970590395579	0,9920891931571933	0,29336504336561153	1,3634889672300499	0,7894090543795755	1,164480046597426	0,5908725032596154	0,23364359531320011	1,3981236419106262	0,8245160985728155	0,6189773332270286	0,6024647178155411	0,10801360080563627	6,5745997959516975	0,07244197874978019
85	00033	0	mixed	0,3416775206044209	0,3416775206044209	0,974422937282891	1,1660506976171596	0,8226571372106982	1,167103993323789	0,9603651709956628	0,38435531852371124	1,0407036945334032	0,5250076432982524	1,0407036945334032	0,5250076432982524	0,0	1,0407036945334032	0,5250076432982524	0,5983288431554213	0,49221949322082775	1,0056342372618567	2,0779958529772005	0,36474612465635325
86	00033	1	mixed	0,3416775206044209	0,02	0,973947420093832	1,1660506976171596	0,8226571372106982	1,167103993323789	0,9603651709956628	0,07851065990425447	5,0948495463905425	4,574564088766363	1,0407036945334032	0,5250076432982524	4,1216241627861026	5,1623278573195055	4,646631806084355	0,5986209694486485	0,492459813000918	0,00336733300783796	2,077995852977235	0,3647461246563532
87	00033	2	mixed	0,3416775206044209	0,03	0,973947420093928	1,1660506976171596	0,8226571372106982	1,167103993323789	0,9603651709956628	0,10970957355169517	3,6459899264075757	3,1256082913305328	1,0407036945334032	0,5250076432982524	2,6623300617062964	3,7030337562396998	3,187337705004549	0,5986209694485894	0,49245981300086944	0,007676553862779081	2,077995852977309	0,36474612465635287
88	00033	3	mixed	0,3416775206044209	0,04	0,9739474200938508	1,1660506976171596	0,8226571372106982	1,167103993323789	0,9603651709956628	0,13709534185728195	2,917677541637538	2,3974930766146856	1,0407036945334032	0,5250076432982524	1,9326830111663933	2,9733867056997965	2,4576906544646455	0,598620969448637	0,49245981300090846	0,013702645612258597	2,077995852977102	0,36474612465635237
89	00033	4	mixed	0,3416775206044209	0,05	0,9739474200938283	1,1660506976171596	0,8226571372106982	1,167103993323789	0,9603651709956628	0,1615753043773926	2,4756258485243223	1,9554630828513986	1,0407036945334032	0,5250076432982524	1,4948947808424515	2,5355984753758545	2,019902424140704	0,5986209694486507	0,49245981300091984	0,0214525074985272	2,077995852977241	0,36474612465635337
90	00040	0	mixed	0,3481468877959007	0,3481468877959007	0,9029784488805799	1,1770574425610247	0,8504356767335354	1,1639063266408696	0,9613517605675135	0,342630038859365	1,1674399633280612	0,6020367068230139	1,1674399633280612	0,6020367068230139	0,0	1,1674399633280612	0,6020367068230139	0,6517638621498774	0,5542832411778936	1,0056369648691241	5,16528516582623	0,37868918900695486
91	00040	1	mixed	0,3481468877959007	0,02	0,9017562888794236	1,1770574425610247	0,8504356767335354	1,1639063266408696	0,9613517605675135	0,07394930219160957	5,409111217348525	4,838352808630887	1,1674399633280612	0,6020367068230139	4,284124414727005	5,451564378055066	4,886161121550019	0,6526472047251851	0,5550344672187131	0,003243350221476123	5,165285165826079	0,37868918900695403
92	00040	2	mixed	0,3481468877959007	0,03	0,9017562888793933	1,1770574425610247	0,8504356767335354	1,1639063266408696	0,9613517605675135	0,10234025956656455	3,9085302469832297	3,3378051430268703	1,1674399633280612	0,6020367068230139	2,7690462212023617	3,936486184530423	3,3710829280253756	0,6526472047252071	0,5550344672187317	0,007393908655028969	5,165285165826141	0,37868918900695425
93	00040	3	mixed	0,3481468877959007	0,04	0,9017562888793449	1,1770574425610247	0,8504356767335354	1,1639063266408696	0,9613517605675135	0,12689691113520365	3,152164985116517	2,581513668390028	1,1674399633280612	0,6020367068230139	2,0115071244400395	3,1789470877681008	2,6135438312630535	0,6526472047252421	0,5550344672187615	0,0131981240280903	5,16528516582609	0,37868918900695414
94	00040	4	mixed	0,3481468877959007	0,05	0,9017562888794689	1,1770574425610247	0,8504356767335354	1,1639063266408696	0,9613517605675135	0,1485968564471213	2,6918469849478734	2,121346101250359	1,1674399633280612	0,6020367068230139	1,5569836663826466	2,724423629710708	2,1590203732056605	0,6526472047251524	0,5550344672186851	0,020662641557758973	5,165285165826097	0,37868918900695436
95	00000	0	mixed	0,0909647463356818	0,0909647463356818	0,8918265375871334	1,1295341163740185	0,9603851081314569	1,0690400157740307	0,9963168491856763	0,33708494195820565	1,1866445225238993	0,5977334409480306	1,1866445225238993	0,5977334409480306	0,0	1,1866445225238993	0,5977334409480306	0,6332700748230765	0,6081831492853761	1,0045988479800392	9,792797250223249	0,025849085032385345
96	00000	1	mixed	0,0909647463356818	0,02	0,8917531507476082	1,1295341163740185	0,9603851081314569	1,0690400157740307	0,9963168491856763	0,2847458847836083	1,4047613025343755	0,8156293932804726	1,1866445225238993	0,5977334409480306	0,24207338059504874	1,428717903118948	0,8398068215430794	0,633322189793815	0,608233199727184	0,047515092449017866	9,792797250223188	0,025849085032385446
97	00000	2	mixed	0,0909647463356818	0,03	0,8918273189908686	1,1295341163740185	0,9603851081314569	1,0690400157740307	0,9963168491856763	0,3070418855808855	1,3027538547164854	0,7137392504247958	1,1866445225238993	0,5977334409480306	0,13864106714611205	1,3252855896700113	0,7363745080941426	0,6332695199627449	0,6081826164057766	0,1083207884788345	9,792797250223167	0,025849085032385356
98	00000	3	mixed	0,0909647463356818	0,04	0,8918198106866344	1,1295341163740185	0,9603851081314569	1,0690400157740307	0,9963168491856763	0,31929307568282683	1,2527675369866724	0,6636958747989651	1,1866445225238993	0,5977334409480306	0,08692491042164369	1,273569432945543	0,6846583513696742	0,6332748515108461	0,6081877367451761	0,19335256464005993	9,792797250223169	0,025849085032385425
99	00000	4	mixed	0,0909647463356818	0,05	0,8918256406282277	1,1295341163740185	0,9603851081314569	1,0690400157740307	0,9963168491856763	0,32692570967627965	1,2235195586059957	0,6344846126985185	1,1866445225238993	0,5977334409480306	0,05589521638696268	1,242539738910862	0,6536286573349933	0,6332707117381947	0,6081837609691708	0,3027077733871764	9,792797250223286	0,025849085032385345
100	00070	0	mixed	0,10082086645585815	0,10082086645585815	0,7616195242458023	1,1368876540076316	0,9794671620360459	1,0739680159908027	0,9963168491856763	0,24800169376924963	1,6128922102129437	0,8077515012686709	1,6128922102129437	0,8077515012686709	0,0	1,6128922102129437	0,8077515012686709	0,7463619417670789	0,7310370129543133	1,0047989288956736	9,460966980146605	0,03175615021846014
101	00070	1	mixed	0,10082086645585815	0,02	0,7614419507145618	1,1368876540076316	0,9794671620360459	1,0739680159908027	0,9963168491856763	0,21088235170186573	1,896792200826026	1,091118780695474	1,6128922102129437	0,8077515012686709	0,30556611689223073	1,9184583271051745	1,1133176181609017	0,7465359985358959	0,7312074958436997	0,038676654965636895	9,460966980146846	0,03175615021846012
102	00070	2	mixed	0,10082086645585815	0,03	0,761498741015835	1,1368876540076316	0,9794671620360459	1,0739680159908027	0,9963168491856763	0,2258980194802005	1,7707105220332862	0,965139429618467	1,6128922102129437	0,8077515012686709	0,17850552798085598	1,7913977381937998	0,9862570292495269	0,7464803241112584	0,731152964573002	0,08817168494614182	9,460966980146825	0,031756150218460136
103	00070	3	mixed	0,10082086645585815	0,04	0,7615274406138355	1,1368876540076316	0,9794671620360459	1,0739680159908027	0,9963168491856763	0,23436572747352394	1,7067341898156991	0,901622943579334	1,6128922102129437	0,8077515012686709	0,11497523352516857	1,7278674437381123	0,9227267347938395	0,7464521915922254	0,7311254096944239	0,15738642279457818	9,460966980146837	0,03175615021846011
104	00070	4	mixed	0,10082086645585815	0,05	0,7615775823080471	1,1368876540076316	0,9794671620360459	1,0739680159908027	0,9963168491856763	0,2396555340711945	1,6690622294626827	0,86421264076324	1,6128922102129437	0,8077515012686709	0,07685705685175614	1,6897492670646999	0,884608558120427	0,7464030457423424	0,7310772729483132	0,24640011211751234	9,460966980146807	0,03175615021846016
