	sample_id	synthesis_type	target_plug_aspect	specifier	solver	surface_tortuosity_factor	surface_lateral	top_tortuosity_factor	top_lateral	plug_aspect	stomatal_aspect	stomatal_flux_grad	bottom_flux_grad	mesophyll_flux_grad	mesophyll_flux_sol	curved_flux_grad	top_flux_grad	total_flux_grad	substomatal_mean	top_mean	mesophyll_mean	mesophyll_var	airspace_mean	airspace_var	transport	plug_area	curved_area	mesophyll_area	stomatal_area	stomatal_area_fraction	mesophyll_area_fraction	porosity	assimilation_substomatal	assimilation_mesophyll_mean
0	00127	mixed	0,15	0	diffusion	1,1423302134278572	0,9461119409821807	1,1025781809376904	0,9920891931571933	0,139406085576468	0,0	0,01941011964444824	0,0	0,00010207045259199106	0,0	-7,253812932235925e-05	-0,019361087647244986	7,856432047306488e-05	0,7999999999999727	0,3999999999999746	0,5915014533833948	0,013951455816703338	0,6043563272716278	0,013248047400270772	0,0	0,0607134596423418	0,87512732429225	0,41652832714661187	0,06103106615929462	1,00523123733722	6,860559908796952	0,8587067597107992	0,0	0,0
1	00127	mixed	0,15	1	diffusion	1,1423302134278572	0,9461119409821807	1,1025781809376904	0,9920891931571933	0,139406085576468	0,02	0,00929730039974087	0,003526971237135099	0,00011402856308644844	0,0	7,783267735363158e-05	-0,01309675314152874	-8,062026421269518e-05	0,799999999999713	0,39999999999985675	0,5298709288560136	0,006464717435107404	0,538322738861279	0,006097684648045587	0,0	0,060713459642341865	0,8750415161355123	0,416528327146611	0,001228221665036318	0,020229808551047387	6,86055990879693	0,8582749814810697	0,0	0,0
2	00127	mixed	0,15	2	diffusion	1,1423302134278572	0,9461119409821807	1,1025781809376904	0,9920891931571933	0,139406085576468	0,03	0,011223737200429898	0,003251809023702343	0,00014506350204943874	0,0	3,818086778461016e-05	-0,015056910318612221	-0,00039811972464586724	0,7999999999997475	0,3999999999998726	0,5492738550961784	0,008537755101595632	0,5589975195281279	0,008053833945494472	0,0	0,06071345964234183	0,8750529744018913	0,4165283271466104	0,002799993272164422	0,04611816372611543	6,860559908796924	0,8583400929137395	0,0	0,0
3	00127	mixed	0,15	3	diffusion	1,1423302134278572	0,9461119409821807	1,1025781809376904	0,9920891931571933	0,139406085576468	0,04	0,012683290838252747	0,0032002279130637634	0,00011774038891130348	0,0	5,116864323186354e-05	-0,016282610197792428	-0,00023018241433264206	0,7999999999999855	0,39999999999999186	0,5614947718417208	0,009985333729796781	0,5720577877275754	0,009422910094807686	0,0	0,060713459642341795	0,8750650935653054	0,4165283271466114	0,004997986884610705	0,08232090403105756	6,860559908796945	0,8584299646717594	0,0	0,0
4	00127	mixed	0,15	4	diffusion	1,1423302134278572	0,9461119409821807	1,1025781809376904	0,9920891931571933	0,139406085576468	0,05	0,013777879107509125	0,0029019019919782835	0,00018405820450096585	0,0	1,2724149080342083e-05	-0,017140982168099925	-0,00026441871503055846	0,7999999999999708	0,399999999999986	0,5698614567156017	0,011039221537635473	0,5810041585519045	0,010423012808757558	0,0	0,06071345964234188	0,87509289450972	0,416528327146609	0,00782471897424915	0,12887947780185716	6,860559908796895	0,8585449977557971	0,0	0,0
5	00128	mixed	0,2	0	diffusion	1,1530859906434343	0,901959339672883	1,1218159086357236	0,9865920872843608	0,1938438308279615	0,0	0,03200287584366584	0,0	0,00015724672586505095	0,0	-0,000123409284345059	-0,03185707195815949	0,0001796413270262214	0,7999999999998357	0,4000000000000687	0,5909212415349101	0,01222496767809172	0,6121384301638516	0,014499837290666185	0,0	0,11738065731164511	1,2169298284353531	1,256834346161604	0,11802220472568219	1,00546552923395	10,707337775632952	0,7696167057763388	0,0	0,0
6	00128	mixed	0,2	1	diffusion	1,1530859906434343	0,901959339672883	1,1218159086357236	0,9865920872843608	0,1938438308279615	0,02	0,01180690450042706	0,004731059581226987	5,5454598191801724e-05	0,0	0,00010992118414745569	-0,017439684467074744	-0,0007363446030809326	0,800000000000334	0,4000000000001658	0,5045709619420808	0,003675270691423762	0,516098945789407	0,004364420004766957	0,0	0,11738065731164518	1,2167956817742065	1,2568343461614866	0,001228221665036317	0,010463578013329687	10,707337775631945	0,7691733411334866	0,0	0,0
7	00128	mixed	0,2	2	diffusion	1,1530859906434343	0,901959339672883	1,1218159086357236	0,9865920872843608	0,1938438308279615	0,03	0,015868442228319866	0,004835511714871544	1,948722993152069e-06	0,0	0,00010831768063111127	-0,02107915763691033	-0,00026493729009494224	0,8000000000000937	0,4000000000000466	0,5264038496697616	0,0053706803151231395	0,5403317416963441	0,006374413648064161	0,0	0,11738065731164517	1,2168137633090967	1,2568343461614893	0,0027999932721644257	0,023853958022491347	10,70733777563197	0,7692269247599505	0,0	0,0
8	00128	mixed	0,2	3	diffusion	1,1530859906434343	0,901959339672883	1,1218159086357236	0,9865920872843608	0,1938438308279615	0,04	0,018488327568921332	0,004551335602999683	-4,199332241797024e-05	0,0	0,00010614457853915828	-0,023562629722314526	-0,0004588152942724934	0,8000000000000099	0,40000000000000424	0,5413256979448107	0,0067137672233139635	0,5568999736179041	0,007965040574347286	0,0	0,1173806573116449	1,2167918485219151	1,2568343461616223	0,004997986884610692	0,04257930564608331	10,707337775633126	0,7691476394439082	0,0	0,0
9	00128	mixed	0,2	4	diffusion	1,1530859906434343	0,901959339672883	1,1218159086357236	0,9865920872843608	0,1938438308279615	0,05	0,020851297708650338	0,004387012426060933	0,0001549225260194384	0,0	0,0001552848603852374	-0,02536289831930907	0,0001856192018069604	0,7999999999997731	0,39999999999988617	0,5521376208187502	0,007779992929432587	0,5689111295443592	0,009226257566368367	0,0	0,11738065731164503	1,2167890539558832	1,256834346161632	0,007824718974249143	0,06666105944077784	10,7073377756332	0,7691302202059377	0,0	0,0
10	00076	mixed	0,4	0	diffusion	1,2119892510111123	0,8072117315241065	1,1986633199002628	0,9504950522449078	0,38727521713639135	0,0	0,1273836895298627	0,0	0,0001230089404842776	0,0	-0,0005903413367834609	-0,12664708509858294	0,00026927203498369485	0,800000000001185	0,40000000000007013	0,5960513084243968	0,011635416230439616	0,6060273670834847	0,015552314740991889	0,0	0,46859460557910493	2,4313291337681604	5,030998880951169	0,47124306708597424	1,005651924873519	10,73635680191771	0,7680446267540435	0,0	0,0
11	00076	mixed	0,4	1	diffusion	1,2119892510111123	0,8072117315241065	1,1986633199002628	0,9504950522449078	0,38727521713639135	0,02	0,01845053948946439	0,008655892133203714	7,054798160611883e-05	0,0	5,167886242341373e-05	-0,027098965236611296	0,0001296932300863533	0,8000000000000488	0,40000000000002434	0,442296804424403	0,0005658359077853602	0,4441648571739563	0,0007484301268024724	0,0	0,46859460557910537	2,4309304570526815	5,03099888095127	0,0012282216650363186	0,0026210751263737657	10,736356801917912	0,7673931901855136	0,0	0,0
12	00076	mixed	0,4	2	diffusion	1,2119892510111123	0,8072117315241065	1,1986633199002628	0,9504950522449078	0,38727521713639135	0,03	0,027894979207768195	0,008303083495616701	0,00022190932250191757	0,0	9,588348937871777e-05	-0,03710612417765484	-0,0005902686623914868	0,7999999999999754	0,39999999999998836	0,45790999171899505	0,0010594168686223137	0,4604707763267762	0,001399596642359096	0,0	0,46859460557910504	2,4309304570526944	5,030998880951172	0,00279999327216442	0,005975299840902125	10,736356801917712	0,7673931901854762	0,0	0,0
13	00076	mixed	0,4	3	diffusion	1,2119892510111123	0,8072117315241065	1,1986633199002628	0,9504950522449078	0,38727521713639135	0,04	0,0356752186096532	0,008999509634065888	9,130655763483831e-05	0,0	7,508306241517241e-05	-0,04583077170762976	-0,0009896538438612028	0,800000000000121	0,400000000000061	0,47147744113330875	0,0016115539330188256	0,4746436535735345	0,002127130542343391	0,0	0,4685946055791053	2,430930457052685	5,030998880951145	0,004997986884610698	0,010665907855328413	10,73635680191765	0,767393190185734	0,0	0,0
14	00076	mixed	0,4	4	diffusion	1,2119892510111123	0,8072117315241065	1,1986633199002628	0,9504950522449078	0,38727521713639135	0,05	0,04378146420227366	0,009077298964480706	9,506204987694068e-05	0,0	0,00017654608932562106	-0,05339123891320236	-0,0002608676072449205	0,8000000000002734	0,40000000000013963	0,48330860597254527	0,0021854688470103883	0,48700677185865154	0,002882846033210519	0,0	0,46859460557910515	2,4309304570526886	5,030998880951001	0,007824718974249174	0,01669826942326645	10,736356801917346	0,7673931901856281	0,0	0,0
15	00101	mixed	0,25	0	diffusion	1,1765922354119858	0,8969386324663453	1,1418674433022762	0,9795867267205877	0,23734910295164277	0,0	0,048438536561728064	0,0	9,312263728465339e-05	0,0	-0,00010727657716747963	-0,04827841404848368	0,00014596857336068736	0,8000000000000397	0,399999999999955	0,5969987875501601	0,011146195541494004	0,6022530233641614	0,015663128860534118	0,0	0,17601567068068605	1,4902433504905535	1,8300910308259888	0,17699211429296102	1,0055474811333496	10,397318737295826	0,7761666521193613	0,0	0,0
16	00101	mixed	0,25	1	diffusion	1,1765922354119858	0,8969386324663453	1,1418674433022762	0,9795867267205877	0,23734910295164277	0,02	0,014226248835533873	0,006789019957024795	6,159924337235945e-05	0,0	0,0001691591945648571	-0,020939149742226795	0,0003068774882688613	0,7999999999996293	0,3999999999998141	0,48572660664916806	0,0021390571198554417	0,487791847330596	0,002984831862786109	0,0	0,17601567068068596	1,490050377723503	1,830091030826058	0,001228221665036318	0,006977910888766619	10,397318737296226	0,7756268594252831	0,0	0,0
17	00101	mixed	0,25	2	diffusion	1,1765922354119858	0,8969386324663453	1,1418674433022762	0,9795867267205877	0,23734910295164277	0,03	0,019659331037556547	0,006047058830100181	0,00012901689228509832	0,0	0,00019395599790015283	-0,026406739326728622	-0,00037737656888637585	0,799999999999894	0,3999999999999439	0,5080912307489923	0,0034000926528991284	0,5106993928982587	0,004741839953756742	0,0	0,1760156706806865	1,4900503777234984	1,8300910308260114	0,002799993272164422	0,015907636299292607	10,39731873729593	0,7756268594253015	0,0	0,0
18	00101	mixed	0,25	3	diffusion	1,1765922354119858	0,8969386324663453	1,1418674433022762	0,9795867267205877	0,23734910295164277	0,04	0,023751430888226226	0,006230689807943601	0,0002003094692603663	0,0	0,00028308776937689673	-0,030426376277666575	3,914165714094582e-05	0,7999999999999436	0,39999999999997043	0,5245460288468163	0,0045123272100101195	0,5275482851688209	0,006289356676305931	0,0	0,17601567068068644	1,490031622278595	1,83009103082603	0,0049979868846107035	0,028395124509553765	10,397318737296038	0,775627278984464	0,0	0,0
19	00101	mixed	0,25	4	diffusion	1,1765922354119858	0,8969386324663453	1,1418674433022762	0,9795867267205877	0,23734910295164277	0,05	0,026840058443119617	0,005387797651528084	-0,00010427415615937566	0,0	0,00019127187544813807	-0,03352057866217005	-0,001205724848233843	0,8000000000001225	0,40000000000006164	0,5373084429856526	0,005482340039515832	0,5406339122168428	0,007640087176161164	0,0	0,17601567068068588	1,4900233972205692	1,8300910308260212	0,007824718974249158	0,04445467238223444	10,397318737296022	0,7755886088186199	0,0	0,0
20	00096	mixed	0,35	0	diffusion	1,1833687509222695	0,8029988186219077	1,1702096519540004	0,9613010317992284	0,33252068317541394	0,0	0,09870598533019409	0,0	-9,878677006289111e-05	0,0	2,5529318413840154e-06	-0,098425349475807	0,00018440201617278757	0,8000000000009883	0,3999999999999407	0,5995841198979323	0,011585973588622648	0,6008205276470704	0,014867512235942673	0,0	0,34545795720533873	2,0877729194585557	4,353191553863213	0,3474027349743609	1,0056295642594395	12,601219520544129	0,79653788966719	0,0	0,0
21	00096	mixed	0,35	1	diffusion	1,1833687509222695	0,8029988186219077	1,1702096519540004	0,9613010317992284	0,33252068317541394	0,02	0,017457560293178794	0,00739658723379908	3,317434017765238e-05	0,0	-9,473522400298825e-06	-0,025989716607354312	-0,001111868262599242	0,800000000000071	0,40000000000003455	0,45301566627206763	0,0008404501446602436	0,4530859870541013	0,001071500279030149	0,0	0,3454579572053385	2,0874927466062116	4,353191553863165	0,0012282216650363175	0,0035553433910519784	12,601219520544	0,7960061938306081	0,0	0,0
22	00096	mixed	0,35	2	diffusion	1,1833687509222695	0,8029988186219077	1,1702096519540004	0,9613010317992284	0,33252068317541394	0,03	0,025965301106468604	0,00808517061156849	-2,327424077100933e-05	0,0	2,3394664450699865e-05	-0,03499127771882998	-0,0009406855771124597	0,7999999999996533	0,3999999999998295	0,47136346532174855	0,0015219409361067772	0,47146128594669334	0,0019379097896203286	0,0	0,3454579572053373	2,087492746606218	4,3531915538633355	0,0027999932721644236	0,008105163635006766	12,601219520544538	0,7960061938307369	0,0	0,0
23	00096	mixed	0,35	3	diffusion	1,1833687509222695	0,8029988186219077	1,1702096519540004	0,9613010317992284	0,33252068317541394	0,04	0,03285543644387029	0,008619503664479352	-3,447933202814852e-05	0,0	1,695538501606752e-06	-0,0425533607884669	-0,001111204473645906	0,7999999999998514	0,399999999999928	0,48679071720909145	0,002249303680830488	0,48691506931566236	0,002861158250391218	0,0	0,34545795720533856	2,087492746606219	4,353191553862935	0,004997986884610714	0,014467713886352701	12,601219520543331	0,7960061938306352	0,0	0,0
24	00096	mixed	0,35	4	diffusion	1,1833687509222695	0,8029988186219077	1,1702096519540004	0,9613010317992284	0,33252068317541394	0,05	0,03914247592162544	0,00874409062257053	-1,6999106372081127e-05	0,0	1,9552745328572123e-05	-0,048964518458948884	-0,001075398275793205	0,8000000000002858	0,4000000000001414	0,49984217556299376	0,0029738953873602978	0,4999930092266607	0,0037798051131212986	0,0	0,34545795720533934	2,087492746606226	4,353191553863451	0,00782471897424914	0,022650278596993343	12,601219520544797	0,7960061938305336	0,0	0,0
25	00038	mixed	0,25	0	diffusion	1,178167232536719	0,8915459407536205	1,1404216283408781	0,9793730698478413	0,23949021869140008	0,0	0,056706669170836894	0,0	0,0002482979567039611	0,0	-5,852244382741662e-05	-0,05648151181311126	0,0004149328706029632	0,8000000000001893	0,40000000000002717	0,5997563034405767	0,011167651480777755	0,6001900281794609	0,014666778753162886	0,0	0,1791913689115164	1,5035081691936023	1,5773589294689059	0,18018602250572985	1,0055507896404574	8,802650144649522	0,8530346112653081	0,0	0,0
26	00038	mixed	0,25	1	diffusion	1,178167232536719	0,8915459407536205	1,1404216283408781	0,9793730698478413	0,23949021869140008	0,02	0,01530852541217392	0,006071532807176666	5,478996652342759e-05	0,0	0,00016867300438310734	-0,022185569351747883	-0,0005820481614905947	0,8000000000003211	0,4000000000001601	0,47901576046626354	0,0017982246339552093	0,47876212439895544	0,0023081839255424657	0,0	0,17919136891151702	1,503311485758045	1,5773589294690564	0,0012282216650363188	0,006854245673198707	8,802650144650332	0,8525138886971002	0,0	0,0
27	00038	mixed	0,25	2	diffusion	1,178167232536719	0,8915459407536205	1,1404216283408781	0,9793730698478413	0,23949021869140008	0,03	0,02082842534723235	0,007296334503858322	7,518884658262148e-05	0,0	0,0002030175036269007	-0,028482422075837247	-7,945587453740349e-05	0,7999999999996852	0,399999999999843	0,5014532926689338	0,0029627101099762862	0,5011371517927513	0,0038014206275976794	0,0	0,17919136891151652	1,5033114857580392	1,577358929468896	0,002799993272164426	0,015625715061907047	8,802650144649462	0,8525138886969337	0,0	0,0
28	00038	mixed	0,25	3	diffusion	1,178167232536719	0,8915459407536205	1,1404216283408781	0,9793730698478413	0,23949021869140008	0,04	0,026241124346645328	0,006736578466178254	0,00016514134470933673	0,0	0,00021969709107415826	-0,03321819873361681	0,0001443425149911191	0,7999999999997206	0,39999999999985936	0,5182882417879401	0,004024036475662445	0,5179308513335209	0,005162218404078042	0,0	0,17919136891151666	1,5032933965482895	1,5773589294690464	0,0049979868846107	0,027891895212200025	8,802650144650295	0,8524557044316812	0,0	0,0
29	00038	mixed	0,25	4	diffusion	1,178167232536719	0,8915459407536205	1,1404216283408781	0,9793730698478413	0,23949021869140008	0,05	0,029896235389727854	0,006700659879287535	4,0930760386097304e-05	0,0	0,000204305955370989	-0,03699029504583322	-0,00014816306106147772	0,8000000000001968	0,4000000000000963	0,5316808404330335	0,004981609838162976	0,5313065637833294	0,006392018571010057	0,0	0,179191368911517	1,5033212302860954	1,5773589294690935	0,00782471897424912	0,043666829612272744	8,80265014465054	0,8525272862775969	0,0	0,0
30	00003	mixed	0,25	0	diffusion	1,1447180739570995	0,8968109162650769	1,130159333116259	0,9788858698204317	0,23433614605202668	0,0	0,06533958766870172	0,0	0,00010721423937950651	0,0	-0,00010465046494622357	-0,06516364577246671	0,00017850567066802985	0,7999999999999544	0,39999999999993685	0,591503144986743	0,0108608547365798	0,6013790444400291	0,013616210977813577	0,0	0,17156220245583437	1,4710498063813722	0,42175838101518337	0,17251335554818345	1,0055440713556585	2,4583409106312772	0,9682005275017608	0,0	0,0
31	00003	mixed	0,25	1	diffusion	1,1447180739570995	0,8968109162650769	1,130159333116259	0,9788858698204317	0,23433614605202668	0,02	0,017500523618833586	0,006383333086806478	2,196302811230593e-05	0,0	0,00015528351552323089	-0,02378210587022722	0,00027899737904867164	0,8000000000003052	0,4000000000001514	0,47024261385674665	0,001495036663989669	0,47348750301951414	0,0018362530454674752	0,0	0,17156220245583398	1,4708577513195795	0,42175838101518415	0,001228221665036317	0,0071590458006186046	2,458340910631287	0,9676943460775214	0,0	0,0
32	00003	mixed	0,25	2	diffusion	1,1447180739570995	0,8968109162650769	1,130159333116259	0,9788858698204317	0,23433614605202668	0,03	0,023159793263021415	0,007115173927699338	4,8189241930945786e-05	0,0	0,0002688172446326382	-0,031148205556652077	-0,0005562318793680139	0,8000000000003227	0,4000000000001595	0,49199531327003426	0,0025637731567016687	0,49624948261882124	0,0031457345237778014	0,0	0,17156220245583395	1,4708577513195782	0,4217583810151826	0,002799993272164425	0,01632057196797319	2,4583409106312786	0,9676943460775776	0,0	0,0
33	00003	mixed	0,25	3	diffusion	1,1447180739570995	0,8968109162650769	1,130159333116259	0,9788858698204317	0,23433614605202668	0,04	0,028787916860136892	0,0075054063540870375	6,506173515884842e-05	0,0	0,0003326965053072394	-0,036915625861031545	-0,00022454440634150626	0,800000000000348	0,4000000000001727	0,5089827991221398	0,003596800694920263	0,5140234547142334	0,0044100782099767	0,0	0,1715622024558342	1,470821226705856	0,4217583810151834	0,004997986884610705	0,029132214515008647	2,45834091063128	0,9675730863171477	0,0	0,0
34	00003	mixed	0,25	4	diffusion	1,1447180739570995	0,8968109162650769	1,130159333116259	0,9788858698204317	0,23433614605202668	0,05	0,033639789283946064	0,007586737334024476	8,602037269820435e-05	0,0	0,0004175102729300227	-0,04153031505392669	0,00019974220967156547	0,800000000000162	0,40000000000007935	0,5226103215926331	0,004550390927849924	0,5282989264043534	0,005577406366647044	0,0	0,17156220245583403	1,4708281169937043	0,4217583810151838	0,007824718974249134	0,04560864142708522	2,4583409106312843	0,9675633263954343	0,0	0,0
35	00036	mixed	0,15	0	diffusion	1,1346888960697865	0,9304040561706217	1,092142387439986	0,9920891931571933	0,14465274030948716	0,0	0,018650231584677584	0,0	0,00014687402683348573	0,0	-2,983665906917817e-05	-0,018593885311948107	0,00017338364049321816	0,8000000000000091	0,39999999999996433	0,5911674621408944	0,012240493403920936	0,6091936047615135	0,014969989643614932	0,0	0,06538289593270262	0,9082257058212925	0,8643960489585344	0,06572746628104004	1,005270038033985	13,220522533113874	0,7919937339624076	0,0	0,0
36	00036	mixed	0,15	1	diffusion	1,1346888960697865	0,9304040561706217	1,092142387439986	0,9920891931571933	0,14465274030948716	0,02	0,008976260598604305	0,0040393552546368365	-2,89331118402592e-05	0,0	5,744420494061717e-05	-0,012757284863287258	0,0002868420830544052	0,7999999999998378	0,39999999999991964	0,5312917140229402	0,005794743129894723	0,5435312935391455	0,007070049305710517	0,0	0,06538289593270255	0,9081425661469169	0,8643960489585111	0,0012282216650363186	0,01878506064186122	13,220522533113531	0,7916430275286466	0,0	0,0
37	00036	mixed	0,15	2	diffusion	1,1346888960697865	0,9304040561706217	1,092142387439986	0,9920891931571933	0,14465274030948716	0,03	0,01106610566764042	0,003246804592544265	1,7846827271927582e-05	0,0	9,125224964050618e-05	-0,014601813078740556	-0,00017980374164335662	0,7999999999997743	0,3999999999998859	0,5502576461004137	0,007589137477246339	0,5642839832632429	0,00925920310268566	0,0	0,06538289593270268	0,908143668835346	0,8643960489585211	0,0027999932721644223	0,04282455269412355	13,220522533113659	0,7916400685740318	0,0	0,0
38	00036	mixed	0,15	3	diffusion	1,1346888960697865	0,9304040561706217	1,092142387439986	0,9920891931571933	0,14465274030948716	0,04	0,012397073523326516	0,00319168167337294	4,0446285496557316e-05	0,0	8,251292972718855e-05	-0,01575758930791909	-4,587489599596383e-05	0,8000000000001873	0,4000000000000917	0,5620714201161566	0,008827077831759835	0,5772087771303444	0,010769257456632417	0,0	0,0653828959327027	0,908168975947493	0,864396048958518	0,004997986884610687	0,07644180964016972	13,220522533113606	0,7917510316469232	0,0	0,0
39	00036	mixed	0,15	4	diffusion	1,1346888960697865	0,9304040561706217	1,092142387439986	0,9920891931571933	0,14465274030948716	0,05	0,013198023056391351	0,0028702523908453142	6,499886650923565e-05	0,0	4,375207226402162e-05	-0,01653191820604141	-0,00035489182003162884	0,8000000000001302	0,4000000000000648	0,5701093754460759	0,009722584299132033	0,586016736733929	0,011864248108749491	0,0	0,06538289593270268	0,9081672400147048	0,8643960489585231	0,007824718974249162	0,11967531970904119	13,220522533113689	0,7917366689610527	0,0	0,0
40	00088	mixed	0,3	0	diffusion	1,1684849083038658	0,8615875944816496	1,1502200321966642	0,9709321991799565	0,2878437096500989	0,0	0,08799189716158609	0,0	0,00016449106037023605	0,0	-0,0001352524952158153	-0,0877809742188185	0,00024016150792297445	0,8000000000006972	0,3999999999999629	0,6003454592988875	0,010912932774679553	0,6000127167598283	0,014206869355673312	0,0	0,25885565737397626	1,807134753928231	2,1829793332428182	0,26030565898020447	1,005601583604307	8,433191514485639	0,8967388500025513	0,0	0,0
41	00088	mixed	0,3	1	diffusion	1,1684849083038658	0,8615875944816496	1,1502200321966642	0,9709321991799565	0,2878437096500989	0,02	0,018015783218127888	0,006788804797700531	5,5467696287283e-05	0,0	3,417130101020397e-05	-0,025618691910947775	-0,0007244648978209366	0,8000000000001747	0,4000000000000865	0,4587883577485514	0,0009641928007494676	0,4583954853882992	0,0012379797077092531	0,0	0,2588556573739764	1,8068781256553303	2,1829793332424834	0,0012282216650363166	0,004744812910393024	8,433191514484339	0,8961938650162051	0,0	0,0
42	00088	mixed	0,3	2	diffusion	1,1684849083038658	0,8615875944816496	1,1502200321966642	0,9709321991799565	0,2878437096500989	0,03	0,025888922376699784	0,007592189909441048	9,383289798626291e-05	0,0	6,62747531328888e-05	-0,03437644843178014	-0,0007352284945235544	0,8000000000001282	0,40000000000006347	0,47888201241385187	0,0017353296888602367	0,478358105230058	0,002225127489472825	0,0	0,25885565737397603	1,8068781256553195	2,1829793332427747	0,0027999932721644244	0,01081681312500424	8,433191514485477	0,8961938650163536	0,0	0,0
43	00088	mixed	0,3	3	diffusion	1,1684849083038658	0,8615875944816496	1,1502200321966642	0,9709321991799565	0,2878437096500989	0,04	0,03273614469213239	0,007704997502997131	0,00010421803085446568	0,0	6,582552565477684e-05	-0,04155927890660257	-0,0009480931549648049	0,7999999999997875	0,3999999999998923	0,4953578943492105	0,002534654931027058	0,4947303903857251	0,003246594636880914	0,0	0,25885565737397653	1,8068781256553306	2,1829793332425527	0,0049979868846107105	0,01930800715469768	8,433191514484603	0,8961938650162542	0,0	0,0
44	00088	mixed	0,3	4	diffusion	1,1684849083038658	0,8615875944816496	1,1502200321966642	0,9709321991799565	0,2878437096500989	0,05	0,03814318012497495	0,007983749967264277	0,00017333216647429615	0,0	9,507411999919178e-05	-0,047602119543704385	-0,001206783164991626	0,799999999999987	0,3999999999999922	0,5092068927164208	0,003322162729161893	0,5084969980896442	0,004251801328684587	0,0	0,25885565737397603	1,8068781256553248	2,1829793332427623	0,007824718974249129	0,030228116524973366	8,43319151448543	0,8961938650162954	0,0	0,0
45	00077	mixed	0,1	0	diffusion	1,1750220609736024	0,9483755685082034	1,0838382530769954	0,9963168491856763	0,10560480178937996	0,0	0,007440416068704554	0,0	1,0136052624027654e-05	0,0	-1,5650063146589467e-05	-0,007424353967977517	1,05480902045797e-05	0,7999999999999637	0,4000000000000066	0,5990747387711862	0,013590557225014737	0,6042496585774966	0,012691018937683084	0,0	0,034837474632442966	0,6629461843779588	0,3908750621797654	0,03500745936543236	1,0048793643851295	11,219959721642873	0,681294396928131	0,0	0,0
46	00077	mixed	0,1	1	diffusion	1,1750220609736024	0,9483755685082034	1,0838382530769954	0,9963168491856763	0,10560480178937996	0,02	0,004425117889251138	0,0016239909613211397	4,103945831660987e-05	0,0	4,398783786440471e-06	-0,0063317044248500185	-0,0002371573321745539	0,7999999999998403	0,3999999999999188	0,569848216543507	0,009926196846344361	0,5741898338598093	0,009262512975593579	0,0	0,03483747463244296	0,66291231735328	0,3908750621797644	0,0012282216650363166	0,03525576058525538	11,219959721642846	0,6810815568074609	0,0	0,0
47	00077	mixed	0,1	2	diffusion	1,1750220609736024	0,9483755685082034	1,0838382530769954	0,9963168491856763	0,10560480178937996	0,03	0,004964208118172503	0,0017108906528160955	9,627846888092506e-05	0,0	1,3965204946859845e-05	-0,006756802635606845	2,853980920956621e-05	0,7999999999998081	0,39999999999990354	0,5812998154882694	0,011305886051251685	0,5859493967912055	0,01055079629220325	0,0	0,0348374746324429	0,662923971379205	0,3908750621797656	0,002799993272164422	0,08037302650970252	11,2199597216429	0,6811350992659524	0,0	0,0
48	00077	mixed	0,1	3	diffusion	1,1750220609736024	0,9483755685082034	1,0838382530769954	0,9963168491856763	0,10560480178937996	0,04	0,005390638925442643	0,0014664604113159047	1,7809586307658465e-05	0,0	5,5192352026992554e-05	-0,00699616474259459	-6,606346750129765e-05	0,8000000000000732	0,4000000000000354	0,5877699715541598	0,012120410530149098	0,592596847077831	0,011311404831066157	0,0	0,034837474632442966	0,6629350481094982	0,3908750621797639	0,0049979868846107105	0,14346582056657614	11,21995972164283	0,6812231430994695	0,0	0,0
49	00077	mixed	0,1	4	diffusion	1,1750220609736024	0,9483755685082034	1,0838382530769954	0,9963168491856763	0,10560480178937996	0,05	0,0057458120196371976	0,0012135655583471769	0,00016202143167895946	0,0	-8,174772197407452e-05	-0,007151800867369752	-0,00011214957968052395	0,8000000000001664	0,4000000000000839	0,591855334603758	0,012647107527456363	0,5968069004644686	0,011804526302492534	0,0	0,03483747463244284	0,6629355201722956	0,3908750621797658	0,007824718974249146	0,22460637737967026	11,219959721642924	0,6812215687123853	0,0	0,0
50	00090	mixed	0,4	0	diffusion	1,1733967807545618	0,8048286861309485	1,1786093311775605	0,9507063844193554	0,38770324841567805	0,0	0,1686898100376236	0,0	1,544412659147833e-06	0,0	-0,0003071246737210693	-0,1683536788639162	3,055091264781861e-05	0,8000000000010693	0,39999999999994373	0,5949743806880128	0,010800833344777988	0,6010930067595407	0,013857623152075841	0,0	0,46963099510430845	2,433941453889556	2,500145033580351	0,472285314206906	1,005651924873502	5,323637195251669	0,9312505178694414	0,0	0,0
51	00090	mixed	0,4	1	diffusion	1,1733967807545618	0,8048286861309485	1,1786093311775605	0,9507063844193554	0,38770324841567805	0,02	0,020355402947914752	0,007909474691239423	-1,5707666782624816e-06	0,0	8,726017248338192e-05	-0,029273874208911435	-0,0009233071639530098	0,8000000000004983	0,4000000000002498	0,43416843841644814	0,0003431958010243777	0,4349876184718659	0,00044354576056008463	0,0	0,4696309951043079	2,4335093302840143	2,5001450335803947	0,0012282216650363147	0,0026152908939997012	5,323637195251768	0,9305893836185687	0,0	0,0
52	00090	mixed	0,4	2	diffusion	1,1733967807545618	0,8048286861309485	1,1786093311775605	0,9507063844193554	0,38770324841567805	0,03	0,031077604967111486	0,010016178655865	1,1093626726571031e-05	0,0	0,0001541539226016775	-0,04134844351734245	-8,941234503920836e-05	0,8000000000002639	0,40000000000013114	0,4482591016782564	0,0006843726056888532	0,44941747294654383	0,0008817598020118636	0,0	0,4696309951043079	2,4335093302840205	2,500145033580399	0,002799993272164421	0,0059621134493955735	5,323637195251778	0,9305893836185457	0,0	0,0
53	00090	mixed	0,4	3	diffusion	1,1733967807545618	0,8048286861309485	1,1786093311775605	0,9507063844193554	0,38770324841567805	0,04	0,04066131943866074	0,010926608616273521	1,977781959618944e-05	0,0	0,00016036632184017262	-0,05212071128761647	-0,00035263909124467834	0,8000000000003397	0,4000000000001687	0,4608291600790898	0,00108685808822895	0,46229092342912304	0,0013962927759451447	0,0	0,4696309951043097	2,43350933028401	2,5001450335805027	0,004997986884610701	0,010642370151698778	5,323637195251978	0,9305893836187304	0,0	0,0
54	00090	mixed	0,4	4	diffusion	1,1733967807545618	0,8048286861309485	1,1786093311775605	0,9507063844193554	0,38770324841567805	0,05	0,049792411874719604	0,011746714641664616	-6,381802768273778e-08	0,0	0,0002080070141912615	-0,061898002655009526	-0,0001509329424635265	0,8000000000000006	0,4000000000000006	0,4722375971082917	0,0015319307412252872	0,47397658726819375	0,0019628779213665586	0,0	0,4696309951043082	2,4335093302840143	2,500145033580343	0,007824718974249143	0,016661419403357778	5,323637195251655	0,9305893836184889	0,0	0,0
55	00081	mixed	0,3	0	diffusion	1,1963095967390605	0,8352738320601395	1,1691574327282668	0,9709057809071023	0,2875262567865151	0,0	0,07055551001717206	0,0	0,00011295678925768698	0,0	-4,325013088328568e-05	-0,07032584106594937	0,00029937560959436256	0,8000000000004373	0,4000000000000246	0,5992117972308255	0,011861976541368441	0,5982917292194252	0,015608281105948436	0,0	0,2582798924355514	1,8050373097975823	1,960930331476025	0,2597264261704457	1,0056006440193763	7,59226865469342	0,7717534839375457	0,0	0,0
56	00081	mixed	0,3	1	diffusion	1,1963095967390605	0,8352738320601395	1,1691574327282668	0,9709057809071023	0,2875262567865151	0,02	0,01633840069085517	0,00746540753583874	5,904735688057255e-05	0,0	0,00010923548906817858	-0,023850030896091043	0,000122060176551042	0,7999999999996509	0,3999999999998261	0,46795736296555485	0,0014078467523889657	0,4674069820030691	0,0018454089927344049	0,0	0,2582798924355509	1,804737056884306	1,9609303314760116	0,0012282216650363169	0,004755390183317494	7,592268654693383	0,7710713126892991	0,0	0,0
57	00081	mixed	0,3	2	diffusion	1,1963095967390605	0,8352738320601395	1,1691574327282668	0,9709057809071023	0,2875262567865151	0,03	0,023372804312220104	0,006770909455968201	2,8267654471709156e-05	0,0	0,00010613679183186246	-0,031226990869857422	-0,0009488726553656263	0,7999999999996155	0,39999999999980884	0,48896498613426503	0,002412543543007042	0,48824599069322083	0,0031588978920110197	0,0	0,25827989243555055	1,804737056884302	1,9609303314759992	0,002799993272164417	0,010840926274828416	7,592268654693345	0,7710713126893063	0,0	0,0
58	00081	mixed	0,3	3	diffusion	1,1963095967390605	0,8352738320601395	1,1691574327282668	0,9709057809071023	0,2875262567865151	0,04	0,02947273367685608	0,007286918989191593	9,334935419985187e-05	0,0	9,967177447545915e-05	-0,037021568068918126	-6,889427419448654e-05	0,7999999999998451	0,3999999999999222	0,5055212687505067	0,0033935556003093365	0,5046710913969318	0,004438940119615345	0,0	0,25827989243555116	1,8047370568843037	1,9609303314759985	0,0049979868846107	0,019351049117607374	7,592268654693324	0,7710713126893167	0,0	0,0
59	00081	mixed	0,3	4	diffusion	1,1963095967390605	0,8352738320601395	1,1691574327282668	0,9709057809071023	0,2875262567865151	0,05	0,033977751597470414	0,0071841619630314026	-9,39978689021812e-06	0,0	0,0001447778750488777	-0,04174668385842789	-0,0004493922097670493	0,799999999999909	0,3999999999999553	0,5189192602792769	0,004309166748932162	0,517965505469153	0,005631560457929752	0,0	0,2582798924355508	1,8047370568843033	1,960930331476024	0,007824718974249136	0,030295501908657707	7,592268654693434	0,7710713126893582	0,0	0,0
60	00027	mixed	0,4	0	diffusion	1,196645440375099	0,8308713599508943	1,1875298278111939	0,9497755126827001	0,3874735163026204	0,0	0,1383416801550247	0,0	9,285704939602386e-05	0,0	-0,00014035432390949458	-0,13764078392590823	0,0006533989546015366	0,8000000000011191	0,39999999999999475	0,5971243023082896	0,01158043554629267	0,5972341256461978	0,01488910735464752	0,0	0,46907460380919547	2,432406586050838	2,8117706171072196	0,47172577823003276	1,0056519248735873	5,9942930064296505	0,8130283717785249	0,0	0,0
61	00027	mixed	0,4	1	diffusion	1,196645440375099	0,8308713599508943	1,1875298278111939	0,9497755126827001	0,3874735163026204	0,02	0,01913155354270596	0,007709049152999239	-8,811483758736801e-07	0,0	9,883215141029147e-05	-0,028122327955644146	-0,001183774256903689	0,8000000000006342	0,4000000000003168	0,4404966409683718	0,0004954391637227345	0,4403803281518551	0,0006547488619784752	0,0	0,46907460380919463	2,4320587582397177	2,8117706171069883	0,001228221665036317	0,0026183930126729275	5,994293006429168	0,8124231516849083	0,0	0,0
62	00027	mixed	0,4	2	diffusion	1,196645440375099	0,8308713599508943	1,1875298278111939	0,9497755126827001	0,3874735163026204	0,03	0,028465837763675027	0,009097830971130967	5,8999595505624205e-05	0,0	0,0001246361062870575	-0,03904114488530303	-0,0012938404487032326	0,7999999999995557	0,39999999999977814	0,45619641243084913	0,0009540799404856223	0,45603414524044494	0,0012576110816955987	0,0	0,4690746038091947	2,4320587582397213	2,811770617107053	0,0027999932721644192	0,005969185390610854	5,994293006429306	0,8124231516848712	0,0	0,0
63	00027	mixed	0,4	3	diffusion	1,196645440375099	0,8308713599508943	1,1875298278111939	0,9497755126827001	0,3874735163026204	0,04	0,038570226090502965	0,00959892511030308	0,00012865436699611914	0,0	0,000139674517523281	-0,0484811574290818	-4,367734375668689e-05	0,8000000000003191	0,4000000000001596	0,46980144120925793	0,0014720361305125237	0,46959849358693795	0,0019354678906025231	0,0	0,46907460380919414	2,4320587582397093	2,811770617107007	0,004997986884610689	0,010654993563974152	5,994293006429214	0,8124231516848762	0,0	0,0
64	00027	mixed	0,4	4	diffusion	1,196645440375099	0,8308713599508943	1,1875298278111939	0,9497755126827001	0,3874735163026204	0,05	0,04589068647335794	0,010166784644137315	6,164279945209464e-05	0,0	0,0002007204206994799	-0,056918710518256116	-0,0005988761806109508	0,799999999999851	0,3999999999999244	0,48195409504523723	0,0020292896021501454	0,48171452801526554	0,0026616153568745048	0,0	0,4690746038091954	2,432058758239722	2,811770617106971	0,007824718974249138	0,016681182291062562	5,994293006429121	0,8124231516849926	0,0	0,0
65	00058	mixed	0,2	0	diffusion	1,1456552224541372	0,8861539257106634	1,1126917887097942	0,9864616044589931	0,19511897058660613	0,0	0,04021934429341824	0,0	0,00012487631226261594	0,0	-4,283632163686911e-05	-0,04010428966710149	0,0001970946169439597	0,7999999999997105	0,3999999999999544	0,600991496068069	0,012214076215879395	0,5970034980091989	0,013984324620871185	0,0	0,11893572263832528	1,2248914957027426	1,1694055352146424	0,11958612940167068	1,0054685568718764	9,832248119185504	0,8925383686472027	0,0	0,0
66	00058	mixed	0,2	1	diffusion	1,1456552224541372	0,8861539257106634	1,1126917887097942	0,9864616044589931	0,19511897058660613	0,02	0,01340466690884826	0,005216965682034645	4,696923637862373e-05	0,0	5,288898986648517e-05	-0,019622640671958208	-0,0009011498548306765	0,7999999999997279	0,3999999999998643	0,49855036988527135	0,002956929059222747	0,49640083353944287	0,0033734564295907	0,0	0,11893572263832557	1,2247501630561368	1,1694055352146724	0,0012282216650363184	0,010326768424077655	9,832248119185731	0,8920558640474137	0,0	0,0
67	00058	mixed	0,2	2	diffusion	1,1456552224541372	0,8861539257106634	1,1126917887097942	0,9864616044589931	0,19511897058660613	0,03	0,018421061189244498	0,00575908843238153	3,255873656971249e-05	0,0	6,0837199680299524e-05	-0,024363858715685995	-9,031315781054603e-05	0,8000000000000146	0,4000000000000073	0,5223165426032979	0,004554388265209513	0,5196490553066248	0,005192961306518888	0,0	0,11893572263832566	1,2247448219627963	1,1694055352146782	0,002799993272164428	0,02354207138152253	9,832248119185772	0,8920498048951132	0,0	0,0
68	00058	mixed	0,2	3	diffusion	1,1456552224541372	0,8861539257106634	1,1126917887097942	0,9864616044589931	0,19511897058660613	0,04	0,02176228108768148	0,005276278200564204	5,240138567386027e-05	0,0	5,841346835554595e-05	-0,027746012595657444	-0,000596638453381957	0,8000000000002095	0,40000000000010555	0,5392941417268654	0,005904963654769135	0,5362674933406024	0,006730337427108099	0,0	0,11893572263832523	1,224754814181353	1,1694055352146042	0,004997986884610706	0,042022588115172226	9,832248119185186	0,8920853813983455	0,0	0,0
69	00058	mixed	0,2	4	diffusion	1,1456552224541372	0,8861539257106634	1,1126917887097942	0,9864616044589931	0,19511897058660613	0,05	0,024419795291882457	0,0052324312832134	-7,977971379169147e-06	0,0	3,318811729101618e-05	-0,03027993871021967	-0,00060250198921179	0,800000000000103	0,40000000000005187	0,5520553870330899	0,0070343567932007476	0,5487618336008266	0,008015538965662282	0,0	0,11893572263832548	1,2247536351799997	1,1694055352145827	0,007824718974249155	0,06578947687603943	9,832248119184984	0,8920548676029438	0,0	0,0
70	00002	mixed	0,2	0	diffusion	1,1367332128582919	0,9482445499562798	1,107307133542115	0,986364422864112	0,1962377424872038	0,0	0,04452916773016537	0,0	0,00020278704528571225	0,0	-6,112865793785894e-05	-0,04445917907027051	0,0002116470472425749	0,799999999999934	0,40000000000003544	0,5865584406077692	0,009948076523153044	0,6010192668025012	0,013983957768912406	0,0	0,12030950039567444	1,2319193190197244	0,4632387278086166	0,12096777739234711	1,00547152963405	3,8503919165578355	0,9504147934974283	0,0	0,0
71	00002	mixed	0,2	1	diffusion	1,1367332128582919	0,9482445499562798	1,107307133542115	0,986364422864112	0,1962377424872038	0,02	0,014423982682296813	0,005677487395793815	6,880786758736033e-05	0,0	0,00016592948974349103	-0,02059824397584021	-0,00026203654041959313	0,800000000000076	0,4000000000000365	0,4867216263811827	0,0021871476601163153	0,49312295659979305	0,003023123428655952	0,0	0,12030950039567452	1,2317603772963888	0,4632387278086162	0,0012282216650363166	0,010208850182212832	3,8503919165578298	0,9499019530672265	0,0	0,0
72	00002	mixed	0,2	2	diffusion	1,1367332128582919	0,9482445499562798	1,107307133542115	0,986364422864112	0,1962377424872038	0,03	0,019612229175368423	0,0057541801065471064	3,7110606463697785e-05	0,0	0,0002657948542791954	-0,025923263715561456	-0,0002539489729032669	0,799999999999694	0,3999999999998476	0,5091083741853821	0,0034605079250850115	0,5171640623935796	0,004781327304307626	0,0	0,1203095003956744	1,2317717183996262	0,46323872780860537	0,002799993272164419	0,02327325159655546	3,8503919165577436	0,9499180030513574	0,0	0,0
73	00002	mixed	0,2	3	diffusion	1,1367332128582919	0,9482445499562798	1,107307133542115	0,986364422864112	0,1962377424872038	0,04	0,023186828537643707	0,005930876386079389	0,0001371539470457032	0,0	0,0001797734586031877	-0,029774527577052408	-0,0003398952476806154	0,7999999999999238	0,39999999999996133	0,5253583897678825	0,00456568418803134	0,534628750954985	0,0063087421756027415	0,0	0,12030950039567417	1,2317469236037668	0,46323872780859887	0,004997986884610689	0,04154274490520946	3,850391916557697	0,9498473977028085	0,0	0,0
74	00002	mixed	0,2	4	diffusion	1,1367332128582919	0,9482445499562798	1,107307133542115	0,986364422864112	0,1962377424872038	0,05	0,02655428987243607	0,005732218733151928	0,0001272165817136586	0,0	0,00020637986544202793	-0,0327244275720777	-0,00010432251933388054	0,7999999999997274	0,3999999999998627	0,5377283373527098	0,005506540342433585	0,547939410638991	0,007612242894877878	0,0	0,12030950039567424	1,2317602216639434	0,4632387278085945	0,007824718974249138	0,06503824675952588	3,8503919165576583	0,9498849421169809	0,0	0,0
75	00011	mixed	0,3	0	diffusion	1,179008997710738	0,8752960415057471	1,154528335036087	0,9706243559067834	0,29700306505289287	0,0	0,09757878940944364	0,0	-7,46897795549767e-05	0,0	-0,0001394787205468586	-0,0972653602777401	9,926063160227251e-05	0,8000000000006907	0,4000000000000422	0,6001601165013438	0,010042174421053178	0,599741720330755	0,014410288569659065	0,0	0,275600330935656	1,8644366954404774	1,0705031248577912	0,2771458554049109	1,0056078469282235	3,8842592141433965	0,9234292491322366	0,0	0,0
76	00011	mixed	0,3	1	diffusion	1,179008997710738	0,8752960415057471	1,154528335036087	0,9706243559067834	0,29700306505289287	0,02	0,0184328596802886	0,008071548662978236	-5,356675267841246e-05	0,0	0,00020221684462177908	-0,02635344550013268	0,00029961293507737983	0,7999999999997321	0,3999999999998641	0,4547381295540949	0,0007881701530170567	0,4541558204611435	0,001089323482347689	0,0	0,27560033093565856	1,8641845149702319	1,0705031248577863	0,0012282216650363177	0,00445653189481495	3,8842592141433427	0,9229204723282388	0,0	0,0
77	00011	mixed	0,3	2	diffusion	1,179008997710738	0,8752960415057471	1,154528335036087	0,9706243559067834	0,29700306505289287	0,03	0,027064644318769992	0,00789228291302492	-2,6501419043858226e-05	0,0	0,00028307898206947335	-0,03567437421472682	-0,0004608694199064958	0,8000000000000673	0,4000000000000331	0,47408541009278676	0,0014420043396072483	0,4733072920552052	0,001991898830743572	0,0	0,2756003309356578	1,8641845149702354	1,070503124857808	0,0027999932721644184	0,010159615058002636	3,884259214143433	0,9229204723283434	0,0	0,0
78	00011	mixed	0,3	3	diffusion	1,179008997710738	0,8752960415057471	1,154528335036087	0,9706243559067834	0,29700306505289287	0,04	0,034011461125549224	0,008827682142536472	-1,1475312934063737e-05	0,0	0,00035691745372296577	-0,04350229989924703	-0,00031771449037175826	0,800000000000227	0,4000000000001135	0,49031980955383614	0,0021396567721786745	0,4893878259116451	0,0029556269264876807	0,0	0,27560033093565806	1,8641845149702314	1,0705031248577954	0,004997986884610709	0,01813490886474133	3,8842592141433827	0,9229204723281739	0,0	0,0
79	00011	mixed	0,3	4	diffusion	1,179008997710738	0,8752960415057471	1,154528335036087	0,9706243559067834	0,29700306505289287	0,05	0,04024506113013206	0,009178576419339463	-8,23153816496408e-05	0,0	0,0004038924712171406	-0,05015044667576404	-0,00040523203672440466	0,7999999999996845	0,39999999999984165	0,5040936695613457	0,0028366469542618618	0,5030416806282819	0,003919805412582342	0,0	0,27560033093565817	1,864184514970229	1,07050312485779	0,007824718974249141	0,028391544188950575	3,884259214143362	0,9229204723283294	0,0	0,0
80	00001	mixed	0,15	0	diffusion	1,1205616108326284	0,9733227462055852	1,0893970590395579	0,9920891931571933	0,15228409047303074	0,0	0,024936077914861077	0,0	4,213609548651146e-05	0,0	-3,4604659693269625e-05	-0,024883888379699848	5,972097095420478e-05	0,8000000000001313	0,4000000000000517	0,5970347349494355	0,010640301275422768	0,6001706721173072	0,014382699579716792	0,0	0,07244197874978066	0,9559662124126577	0,476277018706634	0,07282669865017376	1,0053107315265635	6,574599795951545	0,9054720612690046	0,0	0,0
81	00001	mixed	0,15	1	diffusion	1,1205616108326284	0,9733227462055852	1,0893970590395579	0,9920891931571933	0,15228409047303074	0,02	0,010481680682703371	0,004644598632895878	-4,496933511037256e-05	0,0	7,028738695103461e-05	-0,015410842798027836	-0,0002592454305878757	0,8000000000001587	0,4000000000000802	0,5221637076752764	0,0041114496090450805	0,5239601757185259	0,0055359271815441195	0,0	0,0724419787497803	0,9558668686725293	0,4762770187066359	0,0012282216650363182	0,016954557098428833	6,574599795951603	0,9050466520748607	0,0	0,0
82	00001	mixed	0,15	2	diffusion	1,1205616108326284	0,9733227462055852	1,0893970590395579	0,9920891931571933	0,15228409047303074	0,03	0,013321068789964278	0,004336340310258117	3,8029842657710826e-05	0,0	7,748441248136426e-05	-0,01817759654223169	-0,00040467318687026143	0,8000000000001263	0,40000000000006164	0,5441087899271212	0,005720088617041802	0,5462431741364224	0,007700544760801033	0,0	0,07244197874978048	0,9558641744188685	0,4762770187066305	0,002799993272164416	0,038651529409981795	6,574599795951512	0,9050273299108876	0,0	0,0
83	00001	mixed	0,15	3	diffusion	1,1205616108326284	0,9733227462055852	1,0893970590395579	0,9920891931571933	0,15228409047303074	0,04	0,015490980808510581	0,004131073013522817	-2,1038287924240755e-05	0,0	7,39360693122823e-05	-0,019980369434803334	-0,00030541783138193096	0,7999999999999748	0,3999999999999862	0,5583750583165917	0,006908478434820605	0,5607224701250838	0,009299271109253318	0,0	0,0724419787497806	0,9558816379302416	0,47627701870663175	0,004997986884610711	0,06899296472662748	6,574599795951518	0,9051025056537013	0,0	0,0
84	00001	mixed	0,15	4	diffusion	1,1205616108326284	0,9733227462055852	1,0893970590395579	0,9920891931571933	0,15228409047303074	0,05	0,017306743668442825	0,003838146551874305	4,342172693195486e-05	0,0	9,290530487964823e-05	-0,021251944237419974	2,9273014708854183e-05	0,7999999999999508	0,3999999999999743	0,5684149785286802	0,007809125217318184	0,5709275714360112	0,010512075005705772	0,0	0,07244197874978019	0,9558970367002467	0,476277018706642	0,007824718974249143	0,10801360080563627	6,5745997959516975	0,9051717653299177	0,0	0,0
85	00033	mixed	0,35	0	diffusion	1,1660506976171596	0,8226571372106982	1,167103993323789	0,9603651709956628	0,3416775206044209	0,0	0,14036357825576704	0,0	0,00011060580298795278	0,0	-0,00023039607252773654	-0,14019211292258194	5,167506364395163e-05	0,800000000001133	0,3999999999999438	0,5982105200338502	0,010869663734048742	0,6006219590163038	0,013579700266879977	0,0	0,36474612465635325	2,144710935600803	0,7579409344254071	0,36680119086300994	1,0056342372618567	2,0779958529772005	0,974422937282891	0,0	0,0
86	00033	mixed	0,35	1	diffusion	1,1660506976171596	0,8226571372106982	1,167103993323789	0,9603651709956628	0,3416775206044209	0,02	0,019707892291934887	0,007884171589608777	3,478306424003067e-06	0,0	0,00017520194653931388	-0,028636458944289754	-0,000865714809782999	0,8000000000000228	0,40000000000000974	0,4408479546166711	0,00048193887823783825	0,4409667182895996	0,0005891442036786787	0,0	0,3647461246563532	2,14444370951979	0,7579409344254195	0,0012282216650363173	0,00336733300783796	2,077995852977235	0,973947420093832	0,0	0,0
87	00033	mixed	0,35	2	diffusion	1,1660506976171596	0,8226571372106982	1,167103993323789	0,9603651709956628	0,3416775206044209	0,03	0,02911113720421063	0,0092039532938663	-4,694403512355297e-06	0,0	0,0002755856244953846	-0,04001614179068192	-0,0014301600716205565	0,7999999999999032	0,39999999999995167	0,4570908472683879	0,0009408829715563054	0,4572612446148818	0,001147561493384608	0,0	0,36474612465635287	2,1444437095197952	0,7579409344254459	0,0027999932721644257	0,007676553862779081	2,077995852977309	0,973947420093928	0,0	0,0
88	00033	mixed	0,35	3	diffusion	1,1660506976171596	0,8226571372106982	1,167103993323789	0,9603651709956628	0,3416775206044209	0,04	0,03953020001894992	0,009882976243139949	-5,351874487392302e-05	0,0	0,0003306258595467128	-0,0500049946508814	-0,0003147112741187822	0,8000000000002243	0,4000000000001121	0,47131486706126735	0,0014669379134366347	0,47153553603398046	0,00178588546519693	0,0	0,36474612465635237	2,1444437095197877	0,7579409344253693	0,004997986884610694	0,013702645612258597	2,077995852977102	0,9739474200938508	0,0	0,0
89	00033	mixed	0,35	4	diffusion	1,1660506976171596	0,8226571372106982	1,167103993323789	0,9603651709956628	0,3416775206044209	0,05	0,04758736674450861	0,010679110963532969	-5,8376443526361876e-05	0,0	0,00033998807664361224	-0,05893396611182467	-0,00038587677066598096	0,7999999999997173	0,3999999999998591	0,4840454571892481	0,002035429554610568	0,484316920385184	0,0024742349269158753	0,0	0,36474612465635337	2,1444437095197966	0,7579409344254221	0,007824718974249158	0,0214525074985272	2,077995852977241	0,9739474200938283	0,0	0,0
90	00040	mixed	0,35	0	diffusion	1,1770574425610247	0,8504356767335354	1,1639063266408696	0,9613517605675135	0,3481468877959007	0,0	0,13026046098267996	0,0	-8,982940536743027e-05	0,0	-0,00023879674336809627	-0,12975029154507436	0,00018154328887135372	0,8000000000009994	0,39999999999993013	0,593724139747466	0,010709193759777408	0,602396161818083	0,014203656324483208	0,0	0,37868918900695486	2,185477521116079	1,9560376504363894	0,3808238466617042	1,0056369648691241	5,16528516582623	0,9029784488805799	0,0	0,0
91	00040	mixed	0,35	1	diffusion	1,1770574425610247	0,8504356767335354	1,1639063266408696	0,9613517605675135	0,3481468877959007	0,02	0,018755441127594835	0,0068798494954160905	1,1861330392259726e-05	0,0	0,00010034293583964213	-0,028003801274570795	-0,002256306385327188	0,7999999999994669	0,39999999999973573	0,4422071860443985	0,0005273335161089272	0,4437683888615596	0,0006915521647774156	0,0	0,37868918900695403	2,1848301963724603	1,956037650436328	0,0012282216650363177	0,003243350221476123	5,165285165826079	0,9017562888794236	0,0	0,0
92	00040	mixed	0,35	2	diffusion	1,1770574425610247	0,8504356767335354	1,1639063266408696	0,9613517605675135	0,3481468877959007	0,03	0,028220021824944798	0,009681957642879423	-6,820209135019128e-05	0,0	0,00011516704399611757	-0,03875514989802352	-0,000806205477552989	0,8000000000000638	0,4000000000000314	0,4584081552800798	0,0010095449297639028	0,460571816787531	0,0013210345024263757	0,0	0,37868918900695425	2,184830196372465	1,9560376504363526	0,00279999327216442	0,007393908655028969	5,165285165826141	0,9017562888793933	0,0	0,0
93	00040	mixed	0,35	3	diffusion	1,1770574425610247	0,8504356767335354	1,1639063266408696	0,9613517605675135	0,3481468877959007	0,04	0,038175011280455105	0,0100482400709427	2,5041639113461094e-05	0,0	0,0001628335357257879	-0,0480544883652778	0,0003566381609583735	0,7999999999996631	0,3999999999998319	0,4724138894276601	0,0015510454874885524	0,4751022907777216	0,002025774901583584	0,0	0,37868918900695414	2,1848301963724697	1,9560376504363326	0,0049979868846107105	0,0131981240280903	5,16528516582609	0,9017562888793449	0,0	0,0
94	00040	mixed	0,35	4	diffusion	1,1770574425610247	0,8504356767335354	1,1639063266408696	0,9613517605675135	0,3481468877959007	0,05	0,045266100052835476	0,009982632188581253	1,027555434325148e-05	0,0	0,00019964573916015903	-0,05627202305694319	-0,0008133695220243936	0,7999999999998345	0,39999999999991903	0,4847746379176744	0,0021244891814142606	0,48793039964881035	0,0027701620099682923	0,0	0,37868918900695436	2,18483019637246	1,9560376504363364	0,007824718974249138	0,020662641557758973	5,165285165826097	0,9017562888794689	0,0	0,0
95	00000	mixed	0,1	0	diffusion	1,1295341163740185	0,9603851081314569	1,0690400157740307	0,9963168491856763	0,0909647463356818	0,0	0,008733671142892993	0,0	2,5642628783799272e-05	0,0	-3,48140378817044e-05	-0,008713337327814336	1,116240598056133e-05	0,8000000000000117	0,40000000000002045	0,5985130577515663	0,012616804801218776	0,5999321304002412	0,014382649050803492	0,0	0,025849085032385345	0,5710002743048284	0,2531348488259301	0,025967961044872392	1,0045988479800392	9,792797250223249	0,8918265375871334	0,0	0,0
96	00000	mixed	0,1	1	diffusion	1,1295341163740185	0,9603851081314569	1,0690400157740307	0,9963168491856763	0,0909647463356818	0,02	0,004999385213679322	0,0020304237042317813	8,223811287711896e-07	0,0	1,4925436283694685e-05	-0,00736042058839332	-0,0003148638530697249	0,7999999999998499	0,39999999999992514	0,5677528867546842	0,009026487702453801	0,5688845880139168	0,010273877082215277	0,0	0,025849085032385446	0,5709923012835374	0,25313484882592957	0,0012282216650363184	0,047515092449017866	9,792797250223188	0,8917531507476082	0,0	0,0
97	00000	mixed	0,1	2	diffusion	1,1295341163740185	0,9603851081314569	1,0690400157740307	0,9963168491856763	0,0909647463356818	0,03	0,005813023431967428	0,001862321278102598	5,7664230612781064e-05	0,0	3,492533231740856e-05	-0,007936751808884245	-0,00016881753588407085	0,799999999999835	0,39999999999991825	0,5808521547363178	0,01048708978972855	0,5820848802005286	0,011937847353210676	0,0	0,025849085032385356	0,5710018081944279	0,2531348488259281	0,002799993272164421	0,1083207884788345	9,792797250223167	0,8918273189908686	0,0	0,0
98	00000	mixed	0,1	3	diffusion	1,1295341163740185	0,9603851081314569	1,0690400157740307	0,9963168491856763	0,0909647463356818	0,04	0,006412816138057589	0,0019027522236964587	-1,300759701698956e-05	0,0	-3,132651514329079e-05	-0,008253433863577266	1,780038601662251e-05	0,800000000000147	0,40000000000007285	0,5880865028175811	0,011339070214306806	0,5893880916730693	0,012911740074018933	0,0	0,025849085032385425	0,571001545313461	0,25313484882592885	0,004997986884610709	0,19335256464005993	9,792797250223169	0,8918198106866344	0,0	0,0
99	00000	mixed	0,1	4	diffusion	1,1295341163740185	0,9603851081314569	1,0690400157740307	0,9963168491856763	0,0909647463356818	0,05	0,006871825337235277	0,0013449019632273559	-9,704982214633168e-06	0,0	1,719081147741258e-05	-0,008450730468695078	-0,00022651733897027825	0,8000000000001469	0,40000000000007335	0,5925706677150043	0,011881102361873277	0,5939215639127294	0,013532805350116583	0,0	0,025849085032385345	0,5710004200772932	0,2531348488259311	0,007824718974249157	0,3027077733871764	9,792797250223286	0,8918256406282277	0,0	0,0
100	00070	mixed	0,1	0	diffusion	1,1368876540076316	0,9794671620360459	1,0739680159908027	0,9963168491856763	0,10082086645585815	0,0	0,007890481782318172	0,0	4,1732731836207405e-05	0,0	-1,53815549771662e-05	-0,007875579041768842	4,125391740833716e-05	0,8000000000000689	0,4000000000000302	0,5996762595407843	0,013314944944833968	0,628080906022531	0,012658014397016016	0,0	0,03175615021846014	0,6329267710654136	0,3004438886334268	0,03190854572535886	1,0047989288956736	9,460966980146605	0,7616195242458023	0,0	0,0
101	00070	mixed	0,1	1	diffusion	1,1368876540076316	0,9794671620360459	1,0739680159908027	0,9963168491856763	0,10082086645585815	0,02	0,004661202474312368	0,0019084749592165303	3,0043226088924475e-05	0,0	6,447509430343791e-05	-0,006696811639066587	-3,2615885145451826e-05	0,7999999999998991	0,3999999999999492	0,5699023055407653	0,00966590817624634	0,5939735941754445	0,009173163196535166	0,0	0,03175615021846012	0,6329012953946409	0,3004438886334343	0,0012282216650363169	0,038676654965636895	9,460966980146846	0,7614419507145618	0,0	0,0
102	00070	mixed	0,1	2	diffusion	1,1368876540076316	0,9794671620360459	1,0739680159908027	0,9963168491856763	0,10082086645585815	0,03	0,005237616639967087	0,001660019026293412	1,6045228594148415e-05	0,0	2,7687756912064358e-05	-0,007173651440665881	-0,00023228278889910053	0,8000000000001422	0,4000000000000709	0,5819769143270801	0,01108580746660059	0,6077767776063083	0,01052255912803338	0,0	0,031756150218460136	0,6329087041731486	0,30044388863343374	0,0027999932721644197	0,08817168494614182	9,460966980146825	0,761498741015835	0,0	0,0
103	00070	mixed	0,1	3	diffusion	1,1368876540076316	0,9794671620360459	1,0739680159908027	0,9963168491856763	0,10082086645585815	0,04	0,00571084930582791	0,0014180795244174923	0,00012509534193157865	0,0	-1,7959210168804146e-05	-0,007442553247707909	-0,00020648828569971462	0,8000000000001853	0,4000000000000935	0,5886904829213947	0,011913074241383388	0,6154593220998354	0,011310252724428715	0,0	0,03175615021846011	0,6329123182763361	0,30044388863343385	0,004997986884610699	0,15738642279457818	9,460966980146837	0,7615274406138355	0,0	0,0
104	00070	mixed	0,1	4	diffusion	1,1368876540076316	0,9794671620360459	1,0739680159908027	0,9963168491856763	0,10082086645585815	0,05	0,006227996196009931	0,0013510930293992073	8,047091039205717e-05	0,0	2,149576749641934e-05	-0,007610537140650148	7,051876264744669e-05	0,7999999999998747	0,3999999999999369	0,592886658026683	0,012443890259280173	0,620262230462037	0,011817910366605717	0,0	0,03175615021846016	0,6329201812289459	0,30044388863343335	0,007824718974249146	0,24640011211751234	9,460966980146807	0,7615775823080471	0,0	0,0
